City; RouteName; RouteValue; Weight
LosAngeles; SanFrancisco_LosAngeles_Yellow; 903; 3
LosAngeles; SanFrancisco_LosAngeles_Purple; 903; 3
ElPaso; LosAngeles_ElPaso_Black; 1000; 6
Houston; ElPaso_Houston_Green; 587,163194970596; 6
NewOrleans; Houston_NewOrleans_Grey; 449,285246222613; 2
Atlanta; Atlanta_NewOrleans_Yellow; 368,361341665512; 4
Atlanta; Atlanta_NewOrleans_Orange; 368,361341665512; 4
City; RouteName; RouteValue; Weight
SaltLakeCity; Helena_SaltLakeCity_Purple; 983,6448; 3
SanFrancisco; SanFrancisco_SaltLakeCity_Orange; 713,010864240535; 5
SanFrancisco; SanFrancisco_SaltLakeCity_White; 713,010864240535; 5
LosAngeles; SanFrancisco_LosAngeles_Yellow; 903; 3
LosAngeles; SanFrancisco_LosAngeles_Purple; 903; 3
City; RouteName; RouteValue; Weight
SaltLakeCity; Helena_SaltLakeCity_Purple; 983,6448; 3
LasVegas; SaltLakeCity_LasVegas_Orange; 981,36; 3
LosAngeles; LosAngeles_LasVegas_Grey; 982; 2
City; RouteName; RouteValue; Weight
LosAngeles; SanFrancisco_LosAngeles_Yellow; 903; 3
LosAngeles; SanFrancisco_LosAngeles_Purple; 903; 3
ElPaso; LosAngeles_ElPaso_Black; 1000; 6
Houston; ElPaso_Houston_Green; 587,163194970596; 6
NewOrleans; Houston_NewOrleans_Grey; 449,285246222613; 2
Atlanta; Atlanta_NewOrleans_Yellow; 368,361341665512; 4
Atlanta; Atlanta_NewOrleans_Orange; 368,361341665512; 4
City; RouteName; RouteValue; Weight
SaltLakeCity; Helena_SaltLakeCity_Purple; 983,6448; 3
SanFrancisco; SanFrancisco_SaltLakeCity_Orange; 713,010864240535; 5
SanFrancisco; SanFrancisco_SaltLakeCity_White; 713,010864240535; 5
LosAngeles; SanFrancisco_LosAngeles_Yellow; 903; 3
LosAngeles; SanFrancisco_LosAngeles_Purple; 903; 3
City; RouteName; RouteValue; Weight
SaltLakeCity; Helena_SaltLakeCity_Purple; 983,6448; 3
LasVegas; SaltLakeCity_LasVegas_Orange; 981,36; 3
LosAngeles; LosAngeles_LasVegas_Grey; 982; 2
City; RouteName; RouteValue; Weight
LosAngeles; SanFrancisco_LosAngeles_Yellow; 903; 3
LosAngeles; SanFrancisco_LosAngeles_Purple; 903; 3
ElPaso; LosAngeles_ElPaso_Black; 1000; 6
Houston; ElPaso_Houston_Green; 593,31484847358; 6
NewOrleans; Houston_NewOrleans_Grey; 426,390596998502; 2
Atlanta; Atlanta_NewOrleans_Yellow; 407,818038054116; 4
Atlanta; Atlanta_NewOrleans_Orange; 407,818038054116; 4
City; RouteName; RouteValue; Weight
SaltLakeCity; Helena_SaltLakeCity_Purple; 983,6448; 3
SanFrancisco; SanFrancisco_SaltLakeCity_Orange; 731,516914574757; 5
SanFrancisco; SanFrancisco_SaltLakeCity_White; 731,516914574757; 5
LosAngeles; SanFrancisco_LosAngeles_Yellow; 903; 3
LosAngeles; SanFrancisco_LosAngeles_Purple; 903; 3
City; RouteName; RouteValue; Weight
SaltLakeCity; Helena_SaltLakeCity_Purple; 983,6448; 3
LasVegas; SaltLakeCity_LasVegas_Orange; 981,36; 3
LosAngeles; LosAngeles_LasVegas_Grey; 982; 2
City; RouteName; RouteValue; Weight
LosAngeles; SanFrancisco_LosAngeles_Yellow; 903; 3
LosAngeles; SanFrancisco_LosAngeles_Purple; 903; 3
ElPaso; LosAngeles_ElPaso_Black; 1000; 6
Houston; ElPaso_Houston_Green; 593,31484847358; 6
NewOrleans; Houston_NewOrleans_Grey; 426,390596998502; 2
Atlanta; Atlanta_NewOrleans_Yellow; 407,818038054116; 4
Atlanta; Atlanta_NewOrleans_Orange; 407,818038054116; 4
City; RouteName; RouteValue; Weight
SaltLakeCity; Helena_SaltLakeCity_Purple; 983,6448; 3
SanFrancisco; SanFrancisco_SaltLakeCity_Orange; 731,516914574757; 5
SanFrancisco; SanFrancisco_SaltLakeCity_White; 731,516914574757; 5
LosAngeles; SanFrancisco_LosAngeles_Yellow; 903; 3
LosAngeles; SanFrancisco_LosAngeles_Purple; 903; 3
City; RouteName; RouteValue; Weight
SaltLakeCity; Helena_SaltLakeCity_Purple; 983,6448; 3
LasVegas; SaltLakeCity_LasVegas_Orange; 981,36; 3
LosAngeles; LosAngeles_LasVegas_Grey; 982; 2
City; RouteName; RouteValue; Weight
LosAngeles; SanFrancisco_LosAngeles_Yellow; 903; 3
LosAngeles; SanFrancisco_LosAngeles_Purple; 903; 3
ElPaso; LosAngeles_ElPaso_Black; 1000; 6
Houston; ElPaso_Houston_Green; 563,052313570382; 6
NewOrleans; Houston_NewOrleans_Grey; 484,025592525701; 2
Atlanta; Atlanta_NewOrleans_Yellow; 388,198824062619; 4
Atlanta; Atlanta_NewOrleans_Orange; 388,198824062619; 4
City; RouteName; RouteValue; Weight
SaltLakeCity; Helena_SaltLakeCity_Purple; 599,019506685171; 3
SanFrancisco; SanFrancisco_SaltLakeCity_Orange; 746,003730183125; 5
SanFrancisco; SanFrancisco_SaltLakeCity_White; 746,003730183125; 5
LosAngeles; SanFrancisco_LosAngeles_Yellow; 903; 3
LosAngeles; SanFrancisco_LosAngeles_Purple; 903; 3
City; RouteName; RouteValue; Weight
SaltLakeCity; Helena_SaltLakeCity_Purple; 599,019506685171; 3
LasVegas; SaltLakeCity_LasVegas_Orange; 631,327816141049; 3
LosAngeles; LosAngeles_LasVegas_Grey; 902; 2
City; RouteName; RouteValue; Weight
LosAngeles; SanFrancisco_LosAngeles_Yellow; 903; 3
LosAngeles; SanFrancisco_LosAngeles_Purple; 903; 3
ElPaso; LosAngeles_ElPaso_Black; 1000; 6
Houston; ElPaso_Houston_Green; 563,052313570382; 6
NewOrleans; Houston_NewOrleans_Grey; 484,025592525701; 2
Atlanta; Atlanta_NewOrleans_Yellow; 388,198824062619; 4
Atlanta; Atlanta_NewOrleans_Orange; 388,198824062619; 4
City; RouteName; RouteValue; Weight
SaltLakeCity; Helena_SaltLakeCity_Purple; 599,019506685171; 3
SanFrancisco; SanFrancisco_SaltLakeCity_Orange; 746,003730183125; 5
SanFrancisco; SanFrancisco_SaltLakeCity_White; 746,003730183125; 5
LosAngeles; SanFrancisco_LosAngeles_Yellow; 903; 3
LosAngeles; SanFrancisco_LosAngeles_Purple; 903; 3
City; RouteName; RouteValue; Weight
SaltLakeCity; Helena_SaltLakeCity_Purple; 599,019506685171; 3
LasVegas; SaltLakeCity_LasVegas_Orange; 631,327816141049; 3
LosAngeles; LosAngeles_LasVegas_Grey; 902; 2
City; RouteName; RouteValue; Weight
LosAngeles; SanFrancisco_LosAngeles_Yellow; 903; 3
LosAngeles; SanFrancisco_LosAngeles_Purple; 903; 3
ElPaso; LosAngeles_ElPaso_Black; 1000; 6
Houston; ElPaso_Houston_Green; 660,987465846801; 6
NewOrleans; Houston_NewOrleans_Grey; 487,438111585405; 2
Atlanta; Atlanta_NewOrleans_Yellow; 398,521236209423; 4
Atlanta; Atlanta_NewOrleans_Orange; 398,521236209423; 4
City; RouteName; RouteValue; Weight
SaltLakeCity; Helena_SaltLakeCity_Purple; 983,6448; 3
LasVegas; SaltLakeCity_LasVegas_Orange; 981,36; 3
LosAngeles; LosAngeles_LasVegas_Grey; 982; 2
City; RouteName; RouteValue; Weight
LosAngeles; SanFrancisco_LosAngeles_Yellow; 903; 3
LosAngeles; SanFrancisco_LosAngeles_Purple; 903; 3
ElPaso; LosAngeles_ElPaso_Black; 1000; 6
Houston; ElPaso_Houston_Green; 660,987465846801; 6
NewOrleans; Houston_NewOrleans_Grey; 487,438111585405; 2
Atlanta; Atlanta_NewOrleans_Yellow; 398,521236209423; 4
Atlanta; Atlanta_NewOrleans_Orange; 398,521236209423; 4
City; RouteName; RouteValue; Weight
SaltLakeCity; Helena_SaltLakeCity_Purple; 983,6448; 3
LasVegas; SaltLakeCity_LasVegas_Orange; 981,36; 3
LosAngeles; LosAngeles_LasVegas_Grey; 982; 2
City; RouteName; RouteValue; Weight
LosAngeles; SanFrancisco_LosAngeles_Yellow; 903; 3
LosAngeles; SanFrancisco_LosAngeles_Purple; 903; 3
ElPaso; LosAngeles_ElPaso_Black; 1000; 6
Houston; ElPaso_Houston_Green; 608,065338356378; 6
NewOrleans; Houston_NewOrleans_Grey; 461,424506913077; 2
Atlanta; Atlanta_NewOrleans_Yellow; 374,929159576901; 4
Atlanta; Atlanta_NewOrleans_Orange; 374,929159576901; 4
City; RouteName; RouteValue; Weight
Denver; Helena_Denver_Green; 978,724852393413; 4
Phoenix; Phoenix_Denver_White; 935,138068852294; 5
LosAngeles; Phoenix_LosAngeles_Grey; 1003; 3
City; RouteName; RouteValue; Weight
SaltLakeCity; Helena_SaltLakeCity_Purple; 618,698775764915; 3
LasVegas; SaltLakeCity_LasVegas_Orange; 788,177122100199; 3
LosAngeles; LosAngeles_LasVegas_Grey; 902; 2
City; RouteName; RouteValue; Weight
LosAngeles; SanFrancisco_LosAngeles_Yellow; 903; 3
LosAngeles; SanFrancisco_LosAngeles_Purple; 903; 3
ElPaso; LosAngeles_ElPaso_Black; 1000; 6
Houston; ElPaso_Houston_Green; 608,065338356378; 6
NewOrleans; Houston_NewOrleans_Grey; 461,424506913077; 2
Atlanta; Atlanta_NewOrleans_Yellow; 374,929159576901; 4
Atlanta; Atlanta_NewOrleans_Orange; 374,929159576901; 4
City; RouteName; RouteValue; Weight
Denver; Helena_Denver_Green; 978,724852393413; 4
Phoenix; Phoenix_Denver_White; 935,138068852294; 5
LosAngeles; Phoenix_LosAngeles_Grey; 1003; 3
City; RouteName; RouteValue; Weight
SaltLakeCity; Helena_SaltLakeCity_Purple; 618,698775764915; 3
LasVegas; SaltLakeCity_LasVegas_Orange; 788,177122100199; 3
LosAngeles; LosAngeles_LasVegas_Grey; 902; 2
City; RouteName; RouteValue; Weight
LosAngeles; SanFrancisco_LosAngeles_Yellow; 983; 3
LosAngeles; SanFrancisco_LosAngeles_Purple; 983; 3
ElPaso; LosAngeles_ElPaso_Black; 1000; 6
OklahomaCity; ElPaso_OklahomaCity_Yellow; 597,299558857654; 5
LittleRock; OklahomaCity_LittleRock_Grey; 525,090299308316; 2
NewOrleans; LittleRock_NewOrleans_Green; 466,212911973655; 3
Atlanta; Atlanta_NewOrleans_Yellow; 391,836453771786; 4
Atlanta; Atlanta_NewOrleans_Orange; 391,836453771786; 4
City; RouteName; RouteValue; Weight
LosAngeles; SanFrancisco_LosAngeles_Yellow; 983; 3
LosAngeles; SanFrancisco_LosAngeles_Purple; 983; 3
ElPaso; LosAngeles_ElPaso_Black; 1000; 6
Dallas; ElPaso_Dallas_Red; 604,354109499751; 4
LittleRock; LittleRock_Dallas_Grey; 458,560802172026; 2
NewOrleans; LittleRock_NewOrleans_Green; 466,212911973655; 3
Atlanta; Atlanta_NewOrleans_Yellow; 391,836453771786; 4
Atlanta; Atlanta_NewOrleans_Orange; 391,836453771786; 4
City; RouteName; RouteValue; Weight
LosAngeles; SanFrancisco_LosAngeles_Yellow; 983; 3
LosAngeles; SanFrancisco_LosAngeles_Purple; 983; 3
ElPaso; LosAngeles_ElPaso_Black; 1000; 6
Houston; ElPaso_Houston_Green; 616,689397171438; 6
NewOrleans; Houston_NewOrleans_Grey; 529,908000872793; 2
Atlanta; Atlanta_NewOrleans_Yellow; 391,836453771786; 4
Atlanta; Atlanta_NewOrleans_Orange; 391,836453771786; 4
City; RouteName; RouteValue; Weight
SaltLakeCity; Helena_SaltLakeCity_Purple; 921,14476946357; 3
LasVegas; SaltLakeCity_LasVegas_Orange; 729,101257425393; 3
LosAngeles; LosAngeles_LasVegas_Grey; 902; 2
City; RouteName; RouteValue; Weight
LosAngeles; SanFrancisco_LosAngeles_Yellow; 983; 3
LosAngeles; SanFrancisco_LosAngeles_Purple; 983; 3
ElPaso; LosAngeles_ElPaso_Black; 1000; 6
OklahomaCity; ElPaso_OklahomaCity_Yellow; 597,299558857654; 5
LittleRock; OklahomaCity_LittleRock_Grey; 525,090299308316; 2
NewOrleans; LittleRock_NewOrleans_Green; 466,212911973655; 3
Atlanta; Atlanta_NewOrleans_Yellow; 391,836453771786; 4
Atlanta; Atlanta_NewOrleans_Orange; 391,836453771786; 4
City; RouteName; RouteValue; Weight
LosAngeles; SanFrancisco_LosAngeles_Yellow; 983; 3
LosAngeles; SanFrancisco_LosAngeles_Purple; 983; 3
ElPaso; LosAngeles_ElPaso_Black; 1000; 6
Dallas; ElPaso_Dallas_Red; 604,354109499751; 4
LittleRock; LittleRock_Dallas_Grey; 458,560802172026; 2
NewOrleans; LittleRock_NewOrleans_Green; 466,212911973655; 3
Atlanta; Atlanta_NewOrleans_Yellow; 391,836453771786; 4
Atlanta; Atlanta_NewOrleans_Orange; 391,836453771786; 4
City; RouteName; RouteValue; Weight
LosAngeles; SanFrancisco_LosAngeles_Yellow; 983; 3
LosAngeles; SanFrancisco_LosAngeles_Purple; 983; 3
ElPaso; LosAngeles_ElPaso_Black; 1000; 6
Houston; ElPaso_Houston_Green; 616,689397171438; 6
NewOrleans; Houston_NewOrleans_Grey; 529,908000872793; 2
Atlanta; Atlanta_NewOrleans_Yellow; 391,836453771786; 4
Atlanta; Atlanta_NewOrleans_Orange; 391,836453771786; 4
City; RouteName; RouteValue; Weight
SaltLakeCity; Helena_SaltLakeCity_Purple; 921,14476946357; 3
LasVegas; SaltLakeCity_LasVegas_Orange; 729,101257425393; 3
LosAngeles; LosAngeles_LasVegas_Grey; 902; 2
City; RouteName; RouteValue; Weight
LosAngeles; SanFrancisco_LosAngeles_Yellow; 903; 3
LosAngeles; SanFrancisco_LosAngeles_Purple; 903; 3
ElPaso; LosAngeles_ElPaso_Black; 1000; 6
Houston; ElPaso_Houston_Green; 619,994495912434; 6
NewOrleans; Houston_NewOrleans_Grey; 493,038223437163; 2
Atlanta; Atlanta_NewOrleans_Yellow; 359,937050089732; 4
Atlanta; Atlanta_NewOrleans_Orange; 359,937050089732; 4
City; RouteName; RouteValue; Weight
SaltLakeCity; Helena_SaltLakeCity_Purple; 916,450308067305; 3
SanFrancisco; SanFrancisco_SaltLakeCity_Orange; 745,985863574913; 5
SanFrancisco; SanFrancisco_SaltLakeCity_White; 745,985863574913; 5
LosAngeles; SanFrancisco_LosAngeles_Yellow; 903; 3
LosAngeles; SanFrancisco_LosAngeles_Purple; 903; 3
City; RouteName; RouteValue; Weight
SaltLakeCity; Helena_SaltLakeCity_Purple; 916,450308067305; 3
LasVegas; SaltLakeCity_LasVegas_Orange; 1005; 3
LosAngeles; LosAngeles_LasVegas_Grey; 1002; 2
City; RouteName; RouteValue; Weight
LosAngeles; SanFrancisco_LosAngeles_Yellow; 903; 3
LosAngeles; SanFrancisco_LosAngeles_Purple; 903; 3
ElPaso; LosAngeles_ElPaso_Black; 1000; 6
Houston; ElPaso_Houston_Green; 619,994495912434; 6
NewOrleans; Houston_NewOrleans_Grey; 493,038223437163; 2
Atlanta; Atlanta_NewOrleans_Yellow; 359,937050089732; 4
Atlanta; Atlanta_NewOrleans_Orange; 359,937050089732; 4
City; RouteName; RouteValue; Weight
SaltLakeCity; Helena_SaltLakeCity_Purple; 916,450308067305; 3
SanFrancisco; SanFrancisco_SaltLakeCity_Orange; 745,985863574913; 5
SanFrancisco; SanFrancisco_SaltLakeCity_White; 745,985863574913; 5
LosAngeles; SanFrancisco_LosAngeles_Yellow; 903; 3
LosAngeles; SanFrancisco_LosAngeles_Purple; 903; 3
City; RouteName; RouteValue; Weight
SaltLakeCity; Helena_SaltLakeCity_Purple; 916,450308067305; 3
LasVegas; SaltLakeCity_LasVegas_Orange; 1005; 3
LosAngeles; LosAngeles_LasVegas_Grey; 1002; 2
City; RouteName; RouteValue; Weight
LosAngeles; SanFrancisco_LosAngeles_Yellow; 903; 3
LosAngeles; SanFrancisco_LosAngeles_Purple; 903; 3
ElPaso; LosAngeles_ElPaso_Black; 1000; 6
Houston; ElPaso_Houston_Green; 624,21759890628; 6
NewOrleans; Houston_NewOrleans_Grey; 500,86975747704; 2
Atlanta; Atlanta_NewOrleans_Yellow; 425,173508992953; 4
Atlanta; Atlanta_NewOrleans_Orange; 425,173508992953; 4
City; RouteName; RouteValue; Weight
SaltLakeCity; Helena_SaltLakeCity_Purple; 578,743216658869; 3
LasVegas; SaltLakeCity_LasVegas_Orange; 665,526078161334; 3
LosAngeles; LosAngeles_LasVegas_Grey; 902; 2
City; RouteName; RouteValue; Weight
LosAngeles; SanFrancisco_LosAngeles_Yellow; 903; 3
LosAngeles; SanFrancisco_LosAngeles_Purple; 903; 3
ElPaso; LosAngeles_ElPaso_Black; 1000; 6
Houston; ElPaso_Houston_Green; 624,21759890628; 6
NewOrleans; Houston_NewOrleans_Grey; 500,86975747704; 2
Atlanta; Atlanta_NewOrleans_Yellow; 425,173508992953; 4
Atlanta; Atlanta_NewOrleans_Orange; 425,173508992953; 4
City; RouteName; RouteValue; Weight
SaltLakeCity; Helena_SaltLakeCity_Purple; 578,743216658869; 3
LasVegas; SaltLakeCity_LasVegas_Orange; 665,526078161334; 3
LosAngeles; LosAngeles_LasVegas_Grey; 902; 2
City; RouteName; RouteValue; Weight
LosAngeles; SanFrancisco_LosAngeles_Yellow; 1003; 3
LosAngeles; SanFrancisco_LosAngeles_Purple; 1003; 3
ElPaso; LosAngeles_ElPaso_Black; 1000; 6
Dallas; ElPaso_Dallas_Red; 593,737799975694; 4
LittleRock; LittleRock_Dallas_Grey; 496,41324074901; 2
NewOrleans; LittleRock_NewOrleans_Green; 475,755278933336; 3
Atlanta; Atlanta_NewOrleans_Yellow; 405,408246149445; 4
Atlanta; Atlanta_NewOrleans_Orange; 405,408246149445; 4
City; RouteName; RouteValue; Weight
LosAngeles; SanFrancisco_LosAngeles_Yellow; 1003; 3
LosAngeles; SanFrancisco_LosAngeles_Purple; 1003; 3
ElPaso; LosAngeles_ElPaso_Black; 1000; 6
Houston; ElPaso_Houston_Green; 538,445398985875; 6
NewOrleans; Houston_NewOrleans_Grey; 450,209059393736; 2
Atlanta; Atlanta_NewOrleans_Yellow; 405,408246149445; 4
Atlanta; Atlanta_NewOrleans_Orange; 405,408246149445; 4
City; RouteName; RouteValue; Weight
SaltLakeCity; Helena_SaltLakeCity_Purple; 913,359628948187; 3
LasVegas; SaltLakeCity_LasVegas_Orange; 762,27722174351; 3
LosAngeles; LosAngeles_LasVegas_Grey; 902; 2
City; RouteName; RouteValue; Weight
LosAngeles; SanFrancisco_LosAngeles_Yellow; 1003; 3
LosAngeles; SanFrancisco_LosAngeles_Purple; 1003; 3
ElPaso; LosAngeles_ElPaso_Black; 1000; 6
Dallas; ElPaso_Dallas_Red; 593,737799975694; 4
LittleRock; LittleRock_Dallas_Grey; 496,41324074901; 2
NewOrleans; LittleRock_NewOrleans_Green; 475,755278933336; 3
Atlanta; Atlanta_NewOrleans_Yellow; 405,408246149445; 4
Atlanta; Atlanta_NewOrleans_Orange; 405,408246149445; 4
City; RouteName; RouteValue; Weight
LosAngeles; SanFrancisco_LosAngeles_Yellow; 1003; 3
LosAngeles; SanFrancisco_LosAngeles_Purple; 1003; 3
ElPaso; LosAngeles_ElPaso_Black; 1000; 6
Houston; ElPaso_Houston_Green; 538,445398985875; 6
NewOrleans; Houston_NewOrleans_Grey; 450,209059393736; 2
Atlanta; Atlanta_NewOrleans_Yellow; 405,408246149445; 4
Atlanta; Atlanta_NewOrleans_Orange; 405,408246149445; 4
City; RouteName; RouteValue; Weight
SaltLakeCity; Helena_SaltLakeCity_Purple; 913,359628948187; 3
LasVegas; SaltLakeCity_LasVegas_Orange; 762,27722174351; 3
LosAngeles; LosAngeles_LasVegas_Grey; 902; 2
City; RouteName; RouteValue; Weight
LosAngeles; SanFrancisco_LosAngeles_Yellow; 995,964175033018; 3
LosAngeles; SanFrancisco_LosAngeles_Purple; 995,964175033018; 3
ElPaso; LosAngeles_ElPaso_Black; 992,023194627877; 6
Houston; ElPaso_Houston_Green; 980,12885904376; 6
NewOrleans; Houston_NewOrleans_Grey; 940,715883576443; 2
Atlanta; Atlanta_NewOrleans_Yellow; 984; 4
Atlanta; Atlanta_NewOrleans_Orange; 984; 4
City; RouteName; RouteValue; Weight
LosAngeles; SanFrancisco_LosAngeles_Yellow; 995,964175033018; 3
LosAngeles; SanFrancisco_LosAngeles_Purple; 995,964175033018; 3
ElPaso; LosAngeles_ElPaso_Black; 992,023194627877; 6
Houston; ElPaso_Houston_Green; 980,12885904376; 6
NewOrleans; Houston_NewOrleans_Grey; 940,715883576443; 2
Atlanta; Atlanta_NewOrleans_Yellow; 984; 4
Atlanta; Atlanta_NewOrleans_Orange; 984; 4
City; RouteName; RouteValue; Weight
LosAngeles; SanFrancisco_LosAngeles_Yellow; 977,626749357312; 3
LosAngeles; SanFrancisco_LosAngeles_Purple; 977,626749357312; 3
ElPaso; LosAngeles_ElPaso_Black; 890,14860754062; 6
Houston; ElPaso_Houston_Green; 904,213564718229; 6
NewOrleans; Houston_NewOrleans_Grey; 1006; 2
Atlanta; Atlanta_NewOrleans_Yellow; 984; 4
Atlanta; Atlanta_NewOrleans_Orange; 984; 4
City; RouteName; RouteValue; Weight
LosAngeles; SanFrancisco_LosAngeles_Yellow; 977,626749357312; 3
LosAngeles; SanFrancisco_LosAngeles_Purple; 977,626749357312; 3
ElPaso; LosAngeles_ElPaso_Black; 890,14860754062; 6
Houston; ElPaso_Houston_Green; 904,213564718229; 6
NewOrleans; Houston_NewOrleans_Grey; 1006; 2
Atlanta; Atlanta_NewOrleans_Yellow; 984; 4
Atlanta; Atlanta_NewOrleans_Orange; 984; 4
City; RouteName; RouteValue; Weight
LosAngeles; SanFrancisco_LosAngeles_Yellow; 879,718473312441; 3
LosAngeles; SanFrancisco_LosAngeles_Purple; 879,718473312441; 3
ElPaso; LosAngeles_ElPaso_Black; 907,025297863928; 6
Houston; ElPaso_Houston_Green; 1012; 6
NewOrleans; Houston_NewOrleans_Grey; 1006; 2
Atlanta; Atlanta_NewOrleans_Yellow; 984; 4
Atlanta; Atlanta_NewOrleans_Orange; 984; 4
City; RouteName; RouteValue; Weight
LosAngeles; SanFrancisco_LosAngeles_Yellow; 879,718473312441; 3
LosAngeles; SanFrancisco_LosAngeles_Purple; 879,718473312441; 3
ElPaso; LosAngeles_ElPaso_Black; 907,025297863928; 6
Houston; ElPaso_Houston_Green; 1012; 6
NewOrleans; Houston_NewOrleans_Grey; 1006; 2
Atlanta; Atlanta_NewOrleans_Yellow; 984; 4
Atlanta; Atlanta_NewOrleans_Orange; 984; 4
City; RouteName; RouteValue; Weight
LosAngeles; SanFrancisco_LosAngeles_Yellow; 977,862298912735; 3
LosAngeles; SanFrancisco_LosAngeles_Purple; 977,862298912735; 3
ElPaso; LosAngeles_ElPaso_Black; 891,457216181862; 6
Houston; ElPaso_Houston_Green; 987,6176; 6
NewOrleans; Houston_NewOrleans_Grey; 982,32; 2
Atlanta; Atlanta_NewOrleans_Yellow; 984; 4
Atlanta; Atlanta_NewOrleans_Orange; 984; 4
City; RouteName; RouteValue; Weight
LosAngeles; SanFrancisco_LosAngeles_Yellow; 977,862298912735; 3
LosAngeles; SanFrancisco_LosAngeles_Purple; 977,862298912735; 3
ElPaso; LosAngeles_ElPaso_Black; 891,457216181862; 6
Houston; ElPaso_Houston_Green; 987,6176; 6
NewOrleans; Houston_NewOrleans_Grey; 982,32; 2
Atlanta; Atlanta_NewOrleans_Yellow; 984; 4
Atlanta; Atlanta_NewOrleans_Orange; 984; 4
City; RouteName; RouteValue; Weight
LosAngeles; SanFrancisco_LosAngeles_Yellow; 894,694935321184; 3
LosAngeles; SanFrancisco_LosAngeles_Purple; 894,694935321184; 3
ElPaso; LosAngeles_ElPaso_Black; 993,371168; 6
Houston; ElPaso_Houston_Green; 987,6176; 6
NewOrleans; Houston_NewOrleans_Grey; 982,32; 2
Atlanta; Atlanta_NewOrleans_Yellow; 984; 4
Atlanta; Atlanta_NewOrleans_Orange; 984; 4
City; RouteName; RouteValue; Weight
LosAngeles; SanFrancisco_LosAngeles_Yellow; 894,694935321184; 3
LosAngeles; SanFrancisco_LosAngeles_Purple; 894,694935321184; 3
ElPaso; LosAngeles_ElPaso_Black; 993,371168; 6
Houston; ElPaso_Houston_Green; 987,6176; 6
NewOrleans; Houston_NewOrleans_Grey; 982,32; 2
Atlanta; Atlanta_NewOrleans_Yellow; 984; 4
Atlanta; Atlanta_NewOrleans_Orange; 984; 4
City; RouteName; RouteValue; Weight
LosAngeles; SanFrancisco_LosAngeles_Yellow; 995,423572255231; 3
LosAngeles; SanFrancisco_LosAngeles_Purple; 995,423572255231; 3
ElPaso; LosAngeles_ElPaso_Black; 980,130956973508; 6
Houston; ElPaso_Houston_Green; 514,118701970248; 6
NewOrleans; Houston_NewOrleans_Grey; 797,159304088047; 2
Atlanta; Atlanta_NewOrleans_Yellow; 984; 4
Atlanta; Atlanta_NewOrleans_Orange; 984; 4
City; RouteName; RouteValue; Weight
LosAngeles; SanFrancisco_LosAngeles_Yellow; 995,423572255231; 3
LosAngeles; SanFrancisco_LosAngeles_Purple; 995,423572255231; 3
ElPaso; LosAngeles_ElPaso_Black; 980,130956973508; 6
Houston; ElPaso_Houston_Green; 514,118701970248; 6
NewOrleans; Houston_NewOrleans_Grey; 797,159304088047; 2
Atlanta; Atlanta_NewOrleans_Yellow; 984; 4
Atlanta; Atlanta_NewOrleans_Orange; 984; 4
City; RouteName; RouteValue; Weight
LosAngeles; SanFrancisco_LosAngeles_Yellow; 993,633641091392; 3
LosAngeles; SanFrancisco_LosAngeles_Purple; 993,633641091392; 3
ElPaso; LosAngeles_ElPaso_Black; 979,075783841069; 6
Houston; ElPaso_Houston_Green; 908,198799117047; 6
NewOrleans; Houston_NewOrleans_Grey; 982,32; 2
Atlanta; Atlanta_NewOrleans_Yellow; 984; 4
Atlanta; Atlanta_NewOrleans_Orange; 984; 4
City; RouteName; RouteValue; Weight
LosAngeles; SanFrancisco_LosAngeles_Yellow; 993,633641091392; 3
LosAngeles; SanFrancisco_LosAngeles_Purple; 993,633641091392; 3
ElPaso; LosAngeles_ElPaso_Black; 979,075783841069; 6
Houston; ElPaso_Houston_Green; 908,198799117047; 6
NewOrleans; Houston_NewOrleans_Grey; 982,32; 2
Atlanta; Atlanta_NewOrleans_Yellow; 984; 4
Atlanta; Atlanta_NewOrleans_Orange; 984; 4
City; RouteName; RouteValue; Weight
LosAngeles; SanFrancisco_LosAngeles_Yellow; 897,525389597015; 3
LosAngeles; SanFrancisco_LosAngeles_Purple; 897,525389597015; 3
ElPaso; LosAngeles_ElPaso_Black; 1018; 6
Houston; ElPaso_Houston_Green; 987,6176; 6
NewOrleans; Houston_NewOrleans_Grey; 982,32; 2
Atlanta; Atlanta_NewOrleans_Yellow; 984; 4
Atlanta; Atlanta_NewOrleans_Orange; 984; 4
City; RouteName; RouteValue; Weight
LosAngeles; SanFrancisco_LosAngeles_Yellow; 897,525389597015; 3
LosAngeles; SanFrancisco_LosAngeles_Purple; 897,525389597015; 3
ElPaso; LosAngeles_ElPaso_Black; 1018; 6
Houston; ElPaso_Houston_Green; 987,6176; 6
NewOrleans; Houston_NewOrleans_Grey; 982,32; 2
Atlanta; Atlanta_NewOrleans_Yellow; 984; 4
Atlanta; Atlanta_NewOrleans_Orange; 984; 4
City; RouteName; RouteValue; Weight
LosAngeles; SanFrancisco_LosAngeles_Yellow; 1021; 3
LosAngeles; SanFrancisco_LosAngeles_Purple; 1021; 3
ElPaso; LosAngeles_ElPaso_Black; 1018; 6
Houston; ElPaso_Houston_Green; 1012; 6
NewOrleans; Houston_NewOrleans_Grey; 1006; 2
Atlanta; Atlanta_NewOrleans_Yellow; 984; 4
Atlanta; Atlanta_NewOrleans_Orange; 984; 4
City; RouteName; RouteValue; Weight
LosAngeles; SanFrancisco_LosAngeles_Yellow; 1021; 3
LosAngeles; SanFrancisco_LosAngeles_Purple; 1021; 3
ElPaso; LosAngeles_ElPaso_Black; 1018; 6
Houston; ElPaso_Houston_Green; 1012; 6
NewOrleans; Houston_NewOrleans_Grey; 1006; 2
Atlanta; Atlanta_NewOrleans_Yellow; 984; 4
Atlanta; Atlanta_NewOrleans_Orange; 984; 4
City; RouteName; RouteValue; Weight
LosAngeles; SanFrancisco_LosAngeles_Purple; 1021; 3
ElPaso; LosAngeles_ElPaso_Black; 1018; 6
Houston; ElPaso_Houston_Green; 1012; 6
NewOrleans; Houston_NewOrleans_Grey; 1006; 2
Atlanta; Atlanta_NewOrleans_Yellow; 1004; 4
Atlanta; Atlanta_NewOrleans_Orange; 1004; 4
City; RouteName; RouteValue; Weight
LosAngeles; SanFrancisco_LosAngeles_Purple; 1021; 3
ElPaso; LosAngeles_ElPaso_Black; 1018; 6
Houston; ElPaso_Houston_Green; 1012; 6
NewOrleans; Houston_NewOrleans_Grey; 1006; 2
Atlanta; Atlanta_NewOrleans_Yellow; 1004; 4
Atlanta; Atlanta_NewOrleans_Orange; 1004; 4
City; RouteName; RouteValue; Weight
LosAngeles; SanFrancisco_LosAngeles_Purple; 876,773251119899; 3
ElPaso; LosAngeles_ElPaso_Black; 1019; 6
Houston; ElPaso_Houston_Green; 519,702456692977; 6
NewOrleans; Houston_NewOrleans_Grey; 714,72392673572; 2
Atlanta; Atlanta_NewOrleans_Yellow; 984; 4
Atlanta; Atlanta_NewOrleans_Orange; 984; 4
City; RouteName; RouteValue; Weight
LosAngeles; SanFrancisco_LosAngeles_Purple; 876,773251119899; 3
ElPaso; LosAngeles_ElPaso_Black; 1019; 6
Houston; ElPaso_Houston_Green; 519,702456692977; 6
NewOrleans; Houston_NewOrleans_Grey; 714,72392673572; 2
Atlanta; Atlanta_NewOrleans_Yellow; 984; 4
Atlanta; Atlanta_NewOrleans_Orange; 984; 4
City; RouteName; RouteValue; Weight
LosAngeles; SanFrancisco_LosAngeles_Purple; 996,20681024; 3
ElPaso; LosAngeles_ElPaso_Black; 993,371168; 6
Houston; ElPaso_Houston_Green; 987,6176; 6
NewOrleans; Houston_NewOrleans_Grey; 982,32; 2
Atlanta; Atlanta_NewOrleans_Yellow; 984; 4
Atlanta; Atlanta_NewOrleans_Orange; 984; 4
City; RouteName; RouteValue; Weight
LosAngeles; SanFrancisco_LosAngeles_Purple; 996,20681024; 3
ElPaso; LosAngeles_ElPaso_Black; 993,371168; 6
Houston; ElPaso_Houston_Green; 987,6176; 6
NewOrleans; Houston_NewOrleans_Grey; 982,32; 2
Atlanta; Atlanta_NewOrleans_Yellow; 984; 4
Atlanta; Atlanta_NewOrleans_Orange; 984; 4
City; RouteName; RouteValue; Weight
LosAngeles; SanFrancisco_LosAngeles_Purple; 993,494861850914; 3
ElPaso; LosAngeles_ElPaso_Black; 978,304788060636; 6
Houston; ElPaso_Houston_Green; 903,915489225753; 6
NewOrleans; Houston_NewOrleans_Grey; 982,32; 2
Atlanta; Atlanta_NewOrleans_Yellow; 984; 4
Atlanta; Atlanta_NewOrleans_Orange; 984; 4
City; RouteName; RouteValue; Weight
LosAngeles; SanFrancisco_LosAngeles_Purple; 993,494861850914; 3
ElPaso; LosAngeles_ElPaso_Black; 978,304788060636; 6
Houston; ElPaso_Houston_Green; 903,915489225753; 6
NewOrleans; Houston_NewOrleans_Grey; 982,32; 2
Atlanta; Atlanta_NewOrleans_Yellow; 984; 4
Atlanta; Atlanta_NewOrleans_Orange; 984; 4
City; RouteName; RouteValue; Weight
LosAngeles; SanFrancisco_LosAngeles_Purple; 981,413312490294; 3
ElPaso; LosAngeles_ElPaso_Black; 911,185069390524; 6
Houston; ElPaso_Houston_Green; 1012; 6
NewOrleans; Houston_NewOrleans_Grey; 1006; 2
Atlanta; Atlanta_NewOrleans_Yellow; 1004; 4
City; RouteName; RouteValue; Weight
LosAngeles; SanFrancisco_LosAngeles_Purple; 981,413312490294; 3
ElPaso; LosAngeles_ElPaso_Black; 911,185069390524; 6
Houston; ElPaso_Houston_Green; 1012; 6
NewOrleans; Houston_NewOrleans_Grey; 1006; 2
Atlanta; Atlanta_NewOrleans_Yellow; 1004; 4
City; RouteName; RouteValue; Weight
LosAngeles; SanFrancisco_LosAngeles_Purple; 900,771775819183; 3
ElPaso; LosAngeles_ElPaso_Black; 991,639482940976; 6
Houston; ElPaso_Houston_Green; 977,997127449869; 6
NewOrleans; Houston_NewOrleans_Grey; 928,872930277048; 2
Atlanta; Atlanta_NewOrleans_Yellow; 1004; 4
City; RouteName; RouteValue; Weight
LosAngeles; SanFrancisco_LosAngeles_Purple; 900,771775819183; 3
ElPaso; LosAngeles_ElPaso_Black; 991,639482940976; 6
Houston; ElPaso_Houston_Green; 977,997127449869; 6
NewOrleans; Houston_NewOrleans_Grey; 928,872930277048; 2
Atlanta; Atlanta_NewOrleans_Yellow; 1004; 4
City; RouteName; RouteValue; Weight
LosAngeles; SanFrancisco_LosAngeles_Purple; 981,15425346867; 3
ElPaso; LosAngeles_ElPaso_Black; 909,74585260372; 6
Houston; ElPaso_Houston_Green; 1012; 6
NewOrleans; Houston_NewOrleans_Grey; 1006; 2
Atlanta; Atlanta_NewOrleans_Yellow; 1004; 4
City; RouteName; RouteValue; Weight
LosAngeles; SanFrancisco_LosAngeles_Purple; 981,15425346867; 3
ElPaso; LosAngeles_ElPaso_Black; 909,74585260372; 6
Houston; ElPaso_Houston_Green; 1012; 6
NewOrleans; Houston_NewOrleans_Grey; 1006; 2
Atlanta; Atlanta_NewOrleans_Yellow; 1004; 4
City; RouteName; RouteValue; Weight
LosAngeles; SanFrancisco_LosAngeles_Purple; 1021; 3
ElPaso; LosAngeles_ElPaso_Black; 1018; 6
Houston; ElPaso_Houston_Green; 1012; 6
NewOrleans; Houston_NewOrleans_Grey; 1006; 2
Atlanta; Atlanta_NewOrleans_Yellow; 984; 4
City; RouteName; RouteValue; Weight
LosAngeles; SanFrancisco_LosAngeles_Purple; 1021; 3
ElPaso; LosAngeles_ElPaso_Black; 1018; 6
Houston; ElPaso_Houston_Green; 1012; 6
NewOrleans; Houston_NewOrleans_Grey; 1006; 2
Atlanta; Atlanta_NewOrleans_Yellow; 984; 4
City; RouteName; RouteValue; Weight
LosAngeles; SanFrancisco_LosAngeles_Purple; 993,437052057777; 3
ElPaso; LosAngeles_ElPaso_Black; 977,983622543206; 6
Houston; ElPaso_Houston_Green; 902,131236351143; 6
NewOrleans; Houston_NewOrleans_Grey; 1006; 2
Atlanta; Atlanta_NewOrleans_Yellow; 984; 4
City; RouteName; RouteValue; Weight
LosAngeles; SanFrancisco_LosAngeles_Purple; 993,437052057777; 3
ElPaso; LosAngeles_ElPaso_Black; 977,983622543206; 6
Houston; ElPaso_Houston_Green; 902,131236351143; 6
NewOrleans; Houston_NewOrleans_Grey; 1006; 2
Atlanta; Atlanta_NewOrleans_Yellow; 984; 4
City; RouteName; RouteValue; Weight
LosAngeles; SanFrancisco_LosAngeles_Purple; 993,207823229979; 3
ElPaso; LosAngeles_ElPaso_Black; 976,71012905544; 6
Houston; ElPaso_Houston_Green; 895,05627253022; 6
NewOrleans; Houston_NewOrleans_Grey; 1006; 2
Atlanta; Atlanta_NewOrleans_Yellow; 984; 4
City; RouteName; RouteValue; Weight
LosAngeles; SanFrancisco_LosAngeles_Purple; 993,207823229979; 3
ElPaso; LosAngeles_ElPaso_Black; 976,71012905544; 6
Houston; ElPaso_Houston_Green; 895,05627253022; 6
NewOrleans; Houston_NewOrleans_Grey; 1006; 2
Atlanta; Atlanta_NewOrleans_Yellow; 984; 4
City; RouteName; RouteValue; Weight
LosAngeles; SanFrancisco_LosAngeles_Purple; 896,727713986589; 3
ElPaso; LosAngeles_ElPaso_Black; 1018; 6
Houston; ElPaso_Houston_Green; 901,445034375689; 6
NewOrleans; Houston_NewOrleans_Grey; 1006; 2
Atlanta; Atlanta_NewOrleans_Yellow; 1004; 4
City; RouteName; RouteValue; Weight
LosAngeles; SanFrancisco_LosAngeles_Purple; 896,727713986589; 3
ElPaso; LosAngeles_ElPaso_Black; 1018; 6
Houston; ElPaso_Houston_Green; 901,445034375689; 6
NewOrleans; Houston_NewOrleans_Grey; 1006; 2
Atlanta; Atlanta_NewOrleans_Yellow; 1004; 4
City; RouteName; RouteValue; Weight
LosAngeles; SanFrancisco_LosAngeles_Purple; 888,482521282133; 3
ElPaso; LosAngeles_ElPaso_Black; 979,822731502551; 6
Houston; ElPaso_Houston_Green; 912,348508347508; 6
NewOrleans; Houston_NewOrleans_Grey; 982,32; 2
Atlanta; Atlanta_NewOrleans_Yellow; 984; 4
City; RouteName; RouteValue; Weight
LosAngeles; SanFrancisco_LosAngeles_Purple; 888,482521282133; 3
ElPaso; LosAngeles_ElPaso_Black; 979,822731502551; 6
Houston; ElPaso_Houston_Green; 912,348508347508; 6
NewOrleans; Houston_NewOrleans_Grey; 982,32; 2
Atlanta; Atlanta_NewOrleans_Yellow; 984; 4
City; RouteName; RouteValue; Weight
SaltLakeCity; SanFrancisco_SaltLakeCity_Orange; 342,666298987546; 5
SaltLakeCity; SanFrancisco_SaltLakeCity_White; 342,666298987546; 5
Denver; SaltLakeCity_Denver_Yellow; 385,645570761684; 3
Denver; SaltLakeCity_Denver_Red; 385,645570761684; 3
OklahomaCity; Denver_OklahomaCity_Red; 483,63941207261; 4
LittleRock; OklahomaCity_LittleRock_Grey; 666,804562497455; 2
Nashville; LittleRock_Nashville_White; 668,336799056773; 3
Atlanta; Nashville_Atlanta_Grey; 901; 1
City; RouteName; RouteValue; Weight
LosAngeles; SanFrancisco_LosAngeles_Purple; 996,20681024; 3
ElPaso; LosAngeles_ElPaso_Black; 993,371168; 6
Houston; ElPaso_Houston_Green; 987,6176; 6
NewOrleans; Houston_NewOrleans_Grey; 982,32; 2
Atlanta; Atlanta_NewOrleans_Yellow; 984; 4
City; RouteName; RouteValue; Weight
SaltLakeCity; SanFrancisco_SaltLakeCity_Orange; 342,666298987546; 5
SaltLakeCity; SanFrancisco_SaltLakeCity_White; 342,666298987546; 5
Denver; SaltLakeCity_Denver_Yellow; 385,645570761684; 3
Denver; SaltLakeCity_Denver_Red; 385,645570761684; 3
OklahomaCity; Denver_OklahomaCity_Red; 483,63941207261; 4
LittleRock; OklahomaCity_LittleRock_Grey; 666,804562497455; 2
Nashville; LittleRock_Nashville_White; 668,336799056773; 3
Atlanta; Nashville_Atlanta_Grey; 901; 1
City; RouteName; RouteValue; Weight
LosAngeles; SanFrancisco_LosAngeles_Purple; 996,20681024; 3
ElPaso; LosAngeles_ElPaso_Black; 993,371168; 6
Houston; ElPaso_Houston_Green; 987,6176; 6
NewOrleans; Houston_NewOrleans_Grey; 982,32; 2
Atlanta; Atlanta_NewOrleans_Yellow; 984; 4
City; RouteName; RouteValue; Weight
LosAngeles; SanFrancisco_LosAngeles_Purple; 996,20681024; 3
ElPaso; LosAngeles_ElPaso_Black; 993,371168; 6
Houston; ElPaso_Houston_Green; 987,6176; 6
NewOrleans; Houston_NewOrleans_Grey; 982,32; 2
Atlanta; Atlanta_NewOrleans_Yellow; 984; 4
City; RouteName; RouteValue; Weight
LosAngeles; SanFrancisco_LosAngeles_Purple; 996,20681024; 3
ElPaso; LosAngeles_ElPaso_Black; 993,371168; 6
Houston; ElPaso_Houston_Green; 987,6176; 6
NewOrleans; Houston_NewOrleans_Grey; 982,32; 2
Atlanta; Atlanta_NewOrleans_Yellow; 984; 4
City; RouteName; RouteValue; Weight
LosAngeles; SanFrancisco_LosAngeles_Purple; 996,20681024; 3
ElPaso; LosAngeles_ElPaso_Black; 993,371168; 6
Houston; ElPaso_Houston_Green; 987,6176; 6
NewOrleans; Houston_NewOrleans_Grey; 982,32; 2
Atlanta; Atlanta_NewOrleans_Yellow; 984; 4
City; RouteName; RouteValue; Weight
LosAngeles; SanFrancisco_LosAngeles_Purple; 996,20681024; 3
ElPaso; LosAngeles_ElPaso_Black; 993,371168; 6
Houston; ElPaso_Houston_Green; 987,6176; 6
NewOrleans; Houston_NewOrleans_Grey; 982,32; 2
Atlanta; Atlanta_NewOrleans_Yellow; 984; 4
City; RouteName; RouteValue; Weight
LosAngeles; SanFrancisco_LosAngeles_Purple; 980,009790118678; 3
ElPaso; LosAngeles_ElPaso_Black; 903,387722881546; 6
Houston; ElPaso_Houston_Green; 987,6176; 6
NewOrleans; Houston_NewOrleans_Grey; 982,32; 2
Atlanta; Atlanta_NewOrleans_Yellow; 984; 4
City; RouteName; RouteValue; Weight
LosAngeles; SanFrancisco_LosAngeles_Purple; 980,009790118678; 3
ElPaso; LosAngeles_ElPaso_Black; 903,387722881546; 6
Houston; ElPaso_Houston_Green; 987,6176; 6
NewOrleans; Houston_NewOrleans_Grey; 982,32; 2
Atlanta; Atlanta_NewOrleans_Yellow; 984; 4
City; RouteName; RouteValue; Weight
LosAngeles; SanFrancisco_LosAngeles_Purple; 336,166374135813; 3
ElPaso; LosAngeles_ElPaso_Black; 444,918368197028; 6
Dallas; ElPaso_Dallas_Red; 537,975333154386; 4
LittleRock; LittleRock_Dallas_Grey; 586,608040409741; 2
NewOrleans; LittleRock_NewOrleans_Green; 1007; 3
Atlanta; Atlanta_NewOrleans_Yellow; 1004; 4
City; RouteName; RouteValue; Weight
LosAngeles; SanFrancisco_LosAngeles_Purple; 336,166374135813; 3
ElPaso; LosAngeles_ElPaso_Black; 444,918368197028; 6
Houston; ElPaso_Houston_Green; 646,17780996956; 6
NewOrleans; Houston_NewOrleans_Grey; 747,956098498338; 2
Atlanta; Atlanta_NewOrleans_Yellow; 1004; 4
City; RouteName; RouteValue; Weight
LosAngeles; SanFrancisco_LosAngeles_Purple; 336,166374135813; 3
ElPaso; LosAngeles_ElPaso_Black; 444,918368197028; 6
Dallas; ElPaso_Dallas_Red; 537,975333154386; 4
LittleRock; LittleRock_Dallas_Grey; 586,608040409741; 2
NewOrleans; LittleRock_NewOrleans_Green; 1007; 3
Atlanta; Atlanta_NewOrleans_Yellow; 1004; 4
City; RouteName; RouteValue; Weight
LosAngeles; SanFrancisco_LosAngeles_Purple; 336,166374135813; 3
ElPaso; LosAngeles_ElPaso_Black; 444,918368197028; 6
Houston; ElPaso_Houston_Green; 646,17780996956; 6
NewOrleans; Houston_NewOrleans_Grey; 747,956098498338; 2
Atlanta; Atlanta_NewOrleans_Yellow; 1004; 4
City; RouteName; RouteValue; Weight
LosAngeles; SanFrancisco_LosAngeles_Purple; 1021; 3
ElPaso; LosAngeles_ElPaso_Black; 1018; 6
Houston; ElPaso_Houston_Green; 1012; 6
NewOrleans; Houston_NewOrleans_Grey; 1006; 2
Atlanta; Atlanta_NewOrleans_Yellow; 1004; 4
City; RouteName; RouteValue; Weight
LosAngeles; SanFrancisco_LosAngeles_Purple; 1021; 3
ElPaso; LosAngeles_ElPaso_Black; 1018; 6
Houston; ElPaso_Houston_Green; 1012; 6
NewOrleans; Houston_NewOrleans_Grey; 1006; 2
Atlanta; Atlanta_NewOrleans_Yellow; 1004; 4
City; RouteName; RouteValue; Weight
SaintLouis; SaintLouis_Chicago_Green; 884,887809832966; 2
SaintLouis; SaintLouis_Chicago_White; 884,887809832966; 2
Nashville; SaintLouis_Nashville_Grey; 652,182194274056; 2
Atlanta; Nashville_Atlanta_Grey; 760,237825754125; 1
NewOrleans; Atlanta_NewOrleans_Yellow; 904; 4
City; RouteName; RouteValue; Weight
SaintLouis; SaintLouis_Chicago_Green; 884,887809832966; 2
SaintLouis; SaintLouis_Chicago_White; 884,887809832966; 2
LittleRock; SaintLouis_LittleRock_Grey; 1005; 2
NewOrleans; LittleRock_NewOrleans_Green; 983; 3
City; RouteName; RouteValue; Weight
SaintLouis; SaintLouis_Chicago_Green; 884,887809832966; 2
SaintLouis; SaintLouis_Chicago_White; 884,887809832966; 2
Nashville; SaintLouis_Nashville_Grey; 652,182194274056; 2
Atlanta; Nashville_Atlanta_Grey; 760,237825754125; 1
NewOrleans; Atlanta_NewOrleans_Yellow; 904; 4
City; RouteName; RouteValue; Weight
SaintLouis; SaintLouis_Chicago_Green; 884,887809832966; 2
SaintLouis; SaintLouis_Chicago_White; 884,887809832966; 2
LittleRock; SaintLouis_LittleRock_Grey; 1005; 2
NewOrleans; LittleRock_NewOrleans_Green; 983; 3
City; RouteName; RouteValue; Weight
SaintLouis; SaintLouis_Chicago_Green; 982,6412; 2
SaintLouis; SaintLouis_Chicago_White; 982,6412; 2
LittleRock; SaintLouis_LittleRock_Grey; 981,34; 2
NewOrleans; LittleRock_NewOrleans_Green; 983; 3
City; RouteName; RouteValue; Weight
SaintLouis; SaintLouis_Chicago_Green; 982,6412; 2
SaintLouis; SaintLouis_Chicago_White; 982,6412; 2
LittleRock; SaintLouis_LittleRock_Grey; 981,34; 2
NewOrleans; LittleRock_NewOrleans_Green; 983; 3
City; RouteName; RouteValue; Weight
SaintLouis; SaintLouis_Chicago_White; 898,023818732213; 2
LittleRock; SaintLouis_LittleRock_Grey; 909,325400015637; 2
NewOrleans; LittleRock_NewOrleans_Green; 1003; 3
City; RouteName; RouteValue; Weight
SaintLouis; SaintLouis_Chicago_White; 898,023818732213; 2
LittleRock; SaintLouis_LittleRock_Grey; 909,325400015637; 2
NewOrleans; LittleRock_NewOrleans_Green; 1003; 3
City; RouteName; RouteValue; Weight
SaintLouis; SaintLouis_Chicago_White; 973,164984946436; 2
LittleRock; SaintLouis_LittleRock_Grey; 644,14982743799; 2
NewOrleans; LittleRock_NewOrleans_Green; 903; 3
City; RouteName; RouteValue; Weight
SaintLouis; SaintLouis_Chicago_White; 973,164984946436; 2
LittleRock; SaintLouis_LittleRock_Grey; 644,14982743799; 2
NewOrleans; LittleRock_NewOrleans_Green; 903; 3
City; RouteName; RouteValue; Weight
SaltLakeCity; Portland_SaltLakeCity_Blue; 974,776337429718; 6
Denver; SaltLakeCity_Denver_Yellow; 888,757430165101; 3
Denver; SaltLakeCity_Denver_Red; 888,757430165101; 3
KansasCity; Denver_KansasCity_Orange; 983,6648; 4
KansasCity; Denver_KansasCity_Black; 983,6648; 4
SaintLouis; KansasCity_SaintLouis_Blue; 980,36; 2
SaintLouis; KansasCity_SaintLouis_Purple; 980,36; 2
Nashville; SaintLouis_Nashville_Grey; 982; 2
City; RouteName; RouteValue; Weight
Seattle; Seattle_Portland_Grey_1; 326,483172778942; 1
Seattle; Seattle_Portland_Grey_2; 326,483172778942; 1
Helena; Seattle_Helena_Yellow; 380,56041251315; 6
Omaha; Helena_Omaha_Red; 483,522850272827; 5
Chicago; Omaha_Chicago_Blue; 553,726402923386; 4
SaintLouis; SaintLouis_Chicago_White; 676,22610021073; 2
Nashville; SaintLouis_Nashville_Grey; 982; 2
City; RouteName; RouteValue; Weight
SaltLakeCity; Portland_SaltLakeCity_Blue; 974,776337429718; 6
Denver; SaltLakeCity_Denver_Yellow; 888,757430165101; 3
Denver; SaltLakeCity_Denver_Red; 888,757430165101; 3
OklahomaCity; Denver_OklahomaCity_Red; 492,702418459004; 4
LittleRock; OklahomaCity_LittleRock_Grey; 616,074453337227; 2
Nashville; LittleRock_Nashville_White; 903; 3
City; RouteName; RouteValue; Weight
SaltLakeCity; Portland_SaltLakeCity_Blue; 974,776337429718; 6
Denver; SaltLakeCity_Denver_Yellow; 888,757430165101; 3
Denver; SaltLakeCity_Denver_Red; 888,757430165101; 3
KansasCity; Denver_KansasCity_Orange; 983,6648; 4
KansasCity; Denver_KansasCity_Black; 983,6648; 4
SaintLouis; KansasCity_SaintLouis_Blue; 980,36; 2
SaintLouis; KansasCity_SaintLouis_Purple; 980,36; 2
Nashville; SaintLouis_Nashville_Grey; 982; 2
City; RouteName; RouteValue; Weight
Seattle; Seattle_Portland_Grey_1; 326,483172778942; 1
Seattle; Seattle_Portland_Grey_2; 326,483172778942; 1
Helena; Seattle_Helena_Yellow; 380,56041251315; 6
Omaha; Helena_Omaha_Red; 483,522850272827; 5
Chicago; Omaha_Chicago_Blue; 553,726402923386; 4
SaintLouis; SaintLouis_Chicago_White; 676,22610021073; 2
Nashville; SaintLouis_Nashville_Grey; 982; 2
City; RouteName; RouteValue; Weight
SaltLakeCity; Portland_SaltLakeCity_Blue; 974,776337429718; 6
Denver; SaltLakeCity_Denver_Yellow; 888,757430165101; 3
Denver; SaltLakeCity_Denver_Red; 888,757430165101; 3
OklahomaCity; Denver_OklahomaCity_Red; 492,702418459004; 4
LittleRock; OklahomaCity_LittleRock_Grey; 616,074453337227; 2
Nashville; LittleRock_Nashville_White; 903; 3
City; RouteName; RouteValue; Weight
SaltLakeCity; Portland_SaltLakeCity_Blue; 1018; 6
Denver; SaltLakeCity_Denver_Yellow; 1012; 3
Denver; SaltLakeCity_Denver_Red; 1012; 3
OklahomaCity; Denver_OklahomaCity_Red; 1009; 4
LittleRock; OklahomaCity_LittleRock_Grey; 1005; 2
Nashville; LittleRock_Nashville_White; 983; 3
City; RouteName; RouteValue; Weight
SaltLakeCity; Portland_SaltLakeCity_Blue; 1018; 6
Denver; SaltLakeCity_Denver_Yellow; 1012; 3
Denver; SaltLakeCity_Denver_Red; 1012; 3
OklahomaCity; Denver_OklahomaCity_Red; 1009; 4
LittleRock; OklahomaCity_LittleRock_Grey; 1005; 2
Nashville; LittleRock_Nashville_White; 983; 3
