Step_4000;Vancouver;Seattle;Calgary;Portland;Helena;SaltLakeCity;SanFrancisco;LosAngeles;LasVegas;Phoenix;SantaFe;Denver;ElPaso;Winnipeg;Duluth;Omaha;KansasCity;OklahomaCity;Houston;Dallas;LittleRock;SaintLouis;Chicago;SaultStMarie;Toronto;Montreal;Boston;NewYork;Pittsburgh;Washington;Raleigh;Atlanta;Charleston;Miami;NewOrleans;Nashville
Vancouver;;327,3;334,1;;;;;;;;;;;;;;;;;;;;;;;;;;;;;;;;;
Seattle;298,4;;315,3;352,9;377,3;;;;;;;;;;;;;;;;;;;;;;;;;;;;;;;
Calgary;293,5;347,8;;;419,5;;;;;;;;;353,9;;;;;;;;;;;;;;;;;;;;;;
Portland;;324,1;;;;879,7;366,3;;;;;;;;;;;;;;;;;;;;;;;;;;;;;
Helena;;334,1;323,8;;;410,6;;;;;;456,1;;333,1;337,2;492,0;;;;;;;;;;;;;;;;;;;;
SaltLakeCity;;;;356,0;386,3;;361,2;;360,4;;;972,9;;;;;;;;;;;;;;;;;;;;;;;;
SanFrancisco;;;;356,8;;386,4;;408,3;;;;;;;;;;;;;;;;;;;;;;;;;;;;
LosAngeles;;;;;;;374,4;;361,4;;;;525,8;;;;;;;;;;;;;;;;;;;;;;;
LasVegas;;;;;;401,4;;384,1;;;;;;;;;;;;;;;;;;;;;;;;;;;;
Phoenix;;;;;;;;;;;;468,6;425,2;;;;;;;;;;;;;;;;;;;;;;;
SantaFe;;;;;;;;;;;;467,9;492,3;;;;;;;;;;;;;;;;;;;;;;;
Denver;;;;;375,2;494,2;;;;416,0;455,0;;;;;467,5;908,5;547,8;;;;;;;;;;;;;;;;;;
ElPaso;;;;;;;;416,7;;434,5;439,5;;;;;;;554,5;542,9;552,8;;;;;;;;;;;;;;;;
Winnipeg;;;334,4;;422,8;;;;;;;;;;337,7;;;;;;;;;;;;;;;;;;;;;
Duluth;;;;;381,7;;;;;;;;;325,3;;;;;;;;;;;;;;;;;;;;;;
Omaha;;;;;393,5;;;;;;;515,4;;;;;;;;;;;560,5;;;;;;;;;;;;;
KansasCity;;;;;;;;;;;;562,6;;;;;;;;;;980,4;;;;;;;;;;;;;;
OklahomaCity;;;;;;;;;;;;437,7;500,2;;;;;;;;669,5;;;;;;;;;;;;;;;
Houston;;;;;;;;;;;;;490,7;;;;;;;;;;;;;;;;;;;;;;606,8;
Dallas;;;;;;;;;;;;;476,7;;;;;;;;662,3;;;;;;;;;;;;;;;
LittleRock;;;;;;;;;;;;;;;;;;567,2;;569,2;;637,3;;;;;;;;;;;;;560,1;903,0
SaintLouis;;;;;;;;;;;;;;;;;556,8;;;;675,4;;601,7;;;;;;599,0;;;;;;;982,0
Chicago;;;;;;;;;;;;;;;;451,7;;;;;;655,6;;;490,0;;;;540,0;;;;;;;
SaultStMarie;;;;;;;;;;;;;;;;;;;;;;;;;403,5;199,6;;;;;;;;;;
Toronto;;;;;;;;;;;;;;;;;;;;;;;543,6;257,8;;307,5;;;592,4;;;;;;;
Montreal;;;;;;;;;;;;;;;;;;;;;;;;150,4;452,2;;125,7;137,7;;;;;;;;
Boston;;;;;;;;;;;;;;;;;;;;;;;;;;243,5;;142,7;;;;;;;;
NewYork;;;;;;;;;;;;;;;;;;;;;;;;;;75,7;122,2;;;408,7;;;;;;
Pittsburgh;;;;;;;;;;;;;;;;;;;;;;727,8;566,4;;444,3;;;;;388,4;422,7;;;;;
Washington;;;;;;;;;;;;;;;;;;;;;;;;;;;;263,0;516,5;;357,5;;;;;
Raleigh;;;;;;;;;;;;;;;;;;;;;;;;;;;;;583,8;386,4;;;372,4;;;
Atlanta;;;;;;;;;;;;;;;;;;;;;;;;;;;;;;;;;481,3;536,4;555,2;901,0
Charleston;;;;;;;;;;;;;;;;;;;;;;;;;;;;;;;303,2;560,3;;297,5;;
Miami;;;;;;;;;;;;;;;;;;;;;;;;;;;;;;;;690,3;429,8;;585,0;
NewOrleans;;;;;;;;;;;;;;;;;;;548,1;;647,2;;;;;;;;;;;674,6;;569,4;;
Nashville;;;;;;;;;;;;;;;;;;;;;1000,0;1000,0;;;;;;;;;;1000,0;;;;
Step_8000;Vancouver;Seattle;Calgary;Portland;Helena;SaltLakeCity;SanFrancisco;LosAngeles;LasVegas;Phoenix;SantaFe;Denver;ElPaso;Winnipeg;Duluth;Omaha;KansasCity;OklahomaCity;Houston;Dallas;LittleRock;SaintLouis;Chicago;SaultStMarie;Toronto;Montreal;Boston;NewYork;Pittsburgh;Washington;Raleigh;Atlanta;Charleston;Miami;NewOrleans;Nashville
Vancouver;;327,6;318,9;;;;;;;;;;;;;;;;;;;;;;;;;;;;;;;;;
Seattle;300,2;;346,0;347,3;363,8;;;;;;;;;;;;;;;;;;;;;;;;;;;;;;;
Calgary;308,9;330,6;;;403,4;;;;;;;;;368,8;;;;;;;;;;;;;;;;;;;;;;
Portland;;319,1;;;;975,5;348,9;;;;;;;;;;;;;;;;;;;;;;;;;;;;;
Helena;;328,9;349,0;;;404,7;;;;;;437,6;;350,0;379,4;469,6;;;;;;;;;;;;;;;;;;;;
SaltLakeCity;;;;350,5;407,2;;352,4;;361,4;;;892,9;;;;;;;;;;;;;;;;;;;;;;;;
SanFrancisco;;;;358,3;;373,3;;373,9;;;;;;;;;;;;;;;;;;;;;;;;;;;;
LosAngeles;;;;;;;354,2;;359,9;;;;499,8;;;;;;;;;;;;;;;;;;;;;;;
LasVegas;;;;;;399,0;;397,0;;;;;;;;;;;;;;;;;;;;;;;;;;;;
Phoenix;;;;;;;;;;;;463,5;476,9;;;;;;;;;;;;;;;;;;;;;;;
SantaFe;;;;;;;;;;;;480,0;505,0;;;;;;;;;;;;;;;;;;;;;;;
Denver;;;;;366,5;390,9;;;;441,2;450,9;;;;;463,8;1008,0;525,8;;;;;;;;;;;;;;;;;;
ElPaso;;;;;;;;397,4;;452,9;448,3;;;;;;;542,2;540,2;606,0;;;;;;;;;;;;;;;;
Winnipeg;;;328,3;;416,2;;;;;;;;;;349,7;;;;;;;;;;;;;;;;;;;;;
Duluth;;;;;409,3;;;;;;;;;346,6;;;;;;;;;;;;;;;;;;;;;;
Omaha;;;;;417,2;;;;;;;476,3;;;;;;;;;;;574,8;;;;;;;;;;;;;
KansasCity;;;;;;;;;;;;492,8;;;;;;;;;;1004,0;;;;;;;;;;;;;;
OklahomaCity;;;;;;;;;;;;458,6;478,6;;;;;;;;657,1;;;;;;;;;;;;;;;
Houston;;;;;;;;;;;;;484,6;;;;;;;;;;;;;;;;;;;;;;611,7;
Dallas;;;;;;;;;;;;;487,7;;;;;;;;692,0;;;;;;;;;;;;;;;
LittleRock;;;;;;;;;;;;;;;;;;564,4;;631,2;;662,4;;;;;;;;;;;;;592,6;903,0
SaintLouis;;;;;;;;;;;;;;;;;620,4;;;;716,3;;536,6;;;;;;572,8;;;;;;;982,0
Chicago;;;;;;;;;;;;;;;;456,5;;;;;;716,1;;;438,6;;;;528,1;;;;;;;
SaultStMarie;;;;;;;;;;;;;;;;;;;;;;;;;449,3;295,0;;;;;;;;;;
Toronto;;;;;;;;;;;;;;;;;;;;;;;600,9;394,0;;342,6;;;546,2;;;;;;;
Montreal;;;;;;;;;;;;;;;;;;;;;;;;364,7;492,6;;281,4;239,6;;;;;;;;
Boston;;;;;;;;;;;;;;;;;;;;;;;;;;365,0;;197,2;;;;;;;;
NewYork;;;;;;;;;;;;;;;;;;;;;;;;;;204,9;208,6;;;449,8;;;;;;
Pittsburgh;;;;;;;;;;;;;;;;;;;;;;704,4;526,2;;511,5;;;;;437,9;534,8;;;;;
Washington;;;;;;;;;;;;;;;;;;;;;;;;;;;;344,3;564,6;;460,5;;;;;
Raleigh;;;;;;;;;;;;;;;;;;;;;;;;;;;;;562,3;481,3;;;624,1;;;
Atlanta;;;;;;;;;;;;;;;;;;;;;;;;;;;;;;;;;567,8;551,5;645,7;901,0
Charleston;;;;;;;;;;;;;;;;;;;;;;;;;;;;;;;502,4;696,1;;585,7;;
Miami;;;;;;;;;;;;;;;;;;;;;;;;;;;;;;;;574,6;538,4;;616,8;
NewOrleans;;;;;;;;;;;;;;;;;;;498,9;;690,0;;;;;;;;;;;697,8;;558,1;;
Nashville;;;;;;;;;;;;;;;;;;;;;1000,0;1000,0;;;;;;;;;;1000,0;;;;
Step_12000;Vancouver;Seattle;Calgary;Portland;Helena;SaltLakeCity;SanFrancisco;LosAngeles;LasVegas;Phoenix;SantaFe;Denver;ElPaso;Winnipeg;Duluth;Omaha;KansasCity;OklahomaCity;Houston;Dallas;LittleRock;SaintLouis;Chicago;SaultStMarie;Toronto;Montreal;Boston;NewYork;Pittsburgh;Washington;Raleigh;Atlanta;Charleston;Miami;NewOrleans;Nashville
Vancouver;;329,3;360,5;;;;;;;;;;;;;;;;;;;;;;;;;;;;;;;;;
Seattle;315,5;;335,2;355,2;472,2;;;;;;;;;;;;;;;;;;;;;;;;;;;;;;;
Calgary;310,2;331,9;;;386,3;;;;;;;;;346,9;;;;;;;;;;;;;;;;;;;;;;
Portland;;341,8;;;;1021,0;372,0;;;;;;;;;;;;;;;;;;;;;;;;;;;;;
Helena;;335,1;330,7;;;405,3;;;;;;973,9;;345,3;368,1;440,7;;;;;;;;;;;;;;;;;;;;
SaltLakeCity;;;;349,8;1015,0;;367,9;;376,5;;;411,3;;;;;;;;;;;;;;;;;;;;;;;;
SanFrancisco;;;;353,1;;398,2;;419,9;;;;;;;;;;;;;;;;;;;;;;;;;;;;
LosAngeles;;;;;;;351,9;;387,1;;;;490,7;;;;;;;;;;;;;;;;;;;;;;;
LasVegas;;;;;;388,1;;431,0;;;;;;;;;;;;;;;;;;;;;;;;;;;;
Phoenix;;;;;;;;;;;;466,2;493,7;;;;;;;;;;;;;;;;;;;;;;;
SantaFe;;;;;;;;;;;;480,1;471,8;;;;;;;;;;;;;;;;;;;;;;;
Denver;;;;;391,3;361,5;;;;448,0;433,6;;;;;478,3;908,2;510,1;;;;;;;;;;;;;;;;;;
ElPaso;;;;;;;;460,2;;452,9;435,5;;;;;;;595,0;560,8;577,9;;;;;;;;;;;;;;;;
Winnipeg;;;343,0;;396,6;;;;;;;;;;346,8;;;;;;;;;;;;;;;;;;;;;
Duluth;;;;;433,7;;;;;;;;;343,8;;;;;;;;;;;;;;;;;;;;;;
Omaha;;;;;413,7;;;;;;;484,2;;;;;;;;;;;518,6;;;;;;;;;;;;;
KansasCity;;;;;;;;;;;;560,9;;;;;;;;;;980,4;;;;;;;;;;;;;;
OklahomaCity;;;;;;;;;;;;486,8;477,6;;;;;;;;688,7;;;;;;;;;;;;;;;
Houston;;;;;;;;;;;;;479,3;;;;;;;;;;;;;;;;;;;;;;631,4;
Dallas;;;;;;;;;;;;;490,0;;;;;;;;692,3;;;;;;;;;;;;;;;
LittleRock;;;;;;;;;;;;;;;;;;541,0;;587,7;;723,4;;;;;;;;;;;;;647,2;903,0
SaintLouis;;;;;;;;;;;;;;;;;548,2;;;;756,7;;577,2;;;;;;597,2;;;;;;;982,0
Chicago;;;;;;;;;;;;;;;;481,4;;;;;;690,1;;;447,1;;;;529,9;;;;;;;
SaultStMarie;;;;;;;;;;;;;;;;;;;;;;;;;457,5;366,5;;;;;;;;;;
Toronto;;;;;;;;;;;;;;;;;;;;;;;492,9;404,9;;382,5;;;550,4;;;;;;;
Montreal;;;;;;;;;;;;;;;;;;;;;;;;389,4;421,5;;285,4;304,0;;;;;;;;
Boston;;;;;;;;;;;;;;;;;;;;;;;;;;348,6;;318,8;;;;;;;;
NewYork;;;;;;;;;;;;;;;;;;;;;;;;;;304,2;266,1;;;486,7;;;;;;
Pittsburgh;;;;;;;;;;;;;;;;;;;;;;703,4;550,7;;458,0;;;;;407,7;477,2;;;;;
Washington;;;;;;;;;;;;;;;;;;;;;;;;;;;;409,3;563,7;;473,8;;;;;
Raleigh;;;;;;;;;;;;;;;;;;;;;;;;;;;;;540,5;435,8;;;570,0;;;
Atlanta;;;;;;;;;;;;;;;;;;;;;;;;;;;;;;;;;620,8;604,4;633,7;901,0
Charleston;;;;;;;;;;;;;;;;;;;;;;;;;;;;;;;525,9;747,0;;641,1;;
Miami;;;;;;;;;;;;;;;;;;;;;;;;;;;;;;;;691,2;617,4;;612,5;
NewOrleans;;;;;;;;;;;;;;;;;;;523,0;;700,9;;;;;;;;;;;764,4;;605,0;;
Nashville;;;;;;;;;;;;;;;;;;;;;1000,0;1000,0;;;;;;;;;;1000,0;;;;
Step_16000;Vancouver;Seattle;Calgary;Portland;Helena;SaltLakeCity;SanFrancisco;LosAngeles;LasVegas;Phoenix;SantaFe;Denver;ElPaso;Winnipeg;Duluth;Omaha;KansasCity;OklahomaCity;Houston;Dallas;LittleRock;SaintLouis;Chicago;SaultStMarie;Toronto;Montreal;Boston;NewYork;Pittsburgh;Washington;Raleigh;Atlanta;Charleston;Miami;NewOrleans;Nashville
Vancouver;;313,2;329,1;;;;;;;;;;;;;;;;;;;;;;;;;;;;;;;;;
Seattle;296,5;;352,3;330,2;994,3;;;;;;;;;;;;;;;;;;;;;;;;;;;;;;;
Calgary;310,3;320,6;;;418,7;;;;;;;;;343,9;;;;;;;;;;;;;;;;;;;;;;
Portland;;995,2;;;;349,7;343,2;;;;;;;;;;;;;;;;;;;;;;;;;;;;;
Helena;;311,5;339,5;;;361,5;;;;;;457,1;;342,7;329,3;988,5;;;;;;;;;;;;;;;;;;;;
SaltLakeCity;;;;340,8;362,0;;360,7;;349,3;;;439,3;;;;;;;;;;;;;;;;;;;;;;;;
SanFrancisco;;;;332,8;;386,9;;395,5;;;;;;;;;;;;;;;;;;;;;;;;;;;;
LosAngeles;;;;;;;340,8;;351,2;;;;495,0;;;;;;;;;;;;;;;;;;;;;;;
LasVegas;;;;;;353,6;;412,4;;;;;;;;;;;;;;;;;;;;;;;;;;;;
Phoenix;;;;;;;;;;;;470,6;488,7;;;;;;;;;;;;;;;;;;;;;;;
SantaFe;;;;;;;;;;;;469,9;485,4;;;;;;;;;;;;;;;;;;;;;;;
Denver;;;;;403,1;383,4;;;;444,7;439,8;;;;;478,0;499,3;560,5;;;;;;;;;;;;;;;;;;
ElPaso;;;;;;;;384,7;;436,1;450,3;;;;;;;583,7;534,1;555,0;;;;;;;;;;;;;;;;
Winnipeg;;;326,5;;420,5;;;;;;;;;;337,8;;;;;;;;;;;;;;;;;;;;;
Duluth;;;;;368,5;;;;;;;;;340,4;;;;;;;;;;;;;;;;;;;;;;
Omaha;;;;;385,1;;;;;;;457,4;;;;;;;;;;;983,7;;;;;;;;;;;;;
KansasCity;;;;;;;;;;;;451,1;;;;;;;;;;649,1;;;;;;;;;;;;;;
OklahomaCity;;;;;;;;;;;;474,3;522,5;;;;;;;;678,2;;;;;;;;;;;;;;;
Houston;;;;;;;;;;;;;508,5;;;;;;;;;;;;;;;;;;;;;;627,7;
Dallas;;;;;;;;;;;;;499,3;;;;;;;;700,8;;;;;;;;;;;;;;;
LittleRock;;;;;;;;;;;;;;;;;;565,7;;588,8;;695,1;;;;;;;;;;;;;629,4;903,0
SaintLouis;;;;;;;;;;;;;;;;;586,5;;;;693,7;;547,2;;;;;;515,8;;;;;;;982,0
Chicago;;;;;;;;;;;;;;;;500,4;;;;;;980,4;;;499,9;;;;575,3;;;;;;;
SaultStMarie;;;;;;;;;;;;;;;;;;;;;;;;;496,8;376,8;;;;;;;;;;
Toronto;;;;;;;;;;;;;;;;;;;;;;;516,3;397,7;;391,8;;;566,9;;;;;;;
Montreal;;;;;;;;;;;;;;;;;;;;;;;;407,3;483,5;;323,6;392,5;;;;;;;;
Boston;;;;;;;;;;;;;;;;;;;;;;;;;;347,3;;375,4;;;;;;;;
NewYork;;;;;;;;;;;;;;;;;;;;;;;;;;356,6;318,6;;;481,0;;;;;;
Pittsburgh;;;;;;;;;;;;;;;;;;;;;;694,2;563,0;;439,0;;;;;388,5;493,4;;;;;
Washington;;;;;;;;;;;;;;;;;;;;;;;;;;;;372,3;580,5;;489,1;;;;;
Raleigh;;;;;;;;;;;;;;;;;;;;;;;;;;;;;510,6;409,4;;;603,2;;;
Atlanta;;;;;;;;;;;;;;;;;;;;;;;;;;;;;;;;;619,9;534,2;636,6;901,0
Charleston;;;;;;;;;;;;;;;;;;;;;;;;;;;;;;;494,1;682,5;;574,2;;
Miami;;;;;;;;;;;;;;;;;;;;;;;;;;;;;;;;666,1;608,8;;586,0;
NewOrleans;;;;;;;;;;;;;;;;;;;523,2;;680,4;;;;;;;;;;;736,6;;574,9;;
Nashville;;;;;;;;;;;;;;;;;;;;;1000,0;1000,0;;;;;;;;;;1000,0;;;;
Step_20000;Vancouver;Seattle;Calgary;Portland;Helena;SaltLakeCity;SanFrancisco;LosAngeles;LasVegas;Phoenix;SantaFe;Denver;ElPaso;Winnipeg;Duluth;Omaha;KansasCity;OklahomaCity;Houston;Dallas;LittleRock;SaintLouis;Chicago;SaultStMarie;Toronto;Montreal;Boston;NewYork;Pittsburgh;Washington;Raleigh;Atlanta;Charleston;Miami;NewOrleans;Nashville
Vancouver;;334,0;335,6;;;;;;;;;;;;;;;;;;;;;;;;;;;;;;;;;
Seattle;308,5;;341,4;332,1;400,7;;;;;;;;;;;;;;;;;;;;;;;;;;;;;;;
Calgary;317,5;343,7;;;381,4;;;;;;;;;347,0;;;;;;;;;;;;;;;;;;;;;;
Portland;;341,0;;;;1018,0;352,1;;;;;;;;;;;;;;;;;;;;;;;;;;;;;
Helena;;344,7;327,5;;;391,2;;;;;;488,3;;356,2;353,5;444,1;;;;;;;;;;;;;;;;;;;;
SaltLakeCity;;;;330,2;406,0;;334,1;;372,6;;;987,4;;;;;;;;;;;;;;;;;;;;;;;;
SanFrancisco;;;;326,7;;361,8;;380,9;;;;;;;;;;;;;;;;;;;;;;;;;;;;
LosAngeles;;;;;;;361,7;;395,4;;;;481,9;;;;;;;;;;;;;;;;;;;;;;;
LasVegas;;;;;;517,4;;418,9;;;;;;;;;;;;;;;;;;;;;;;;;;;;
Phoenix;;;;;;;;;;;;495,1;512,2;;;;;;;;;;;;;;;;;;;;;;;
SantaFe;;;;;;;;;;;;475,8;521,6;;;;;;;;;;;;;;;;;;;;;;;
Denver;;;;;410,3;357,1;;;;452,6;455,8;;;;;465,1;550,5;984,6;;;;;;;;;;;;;;;;;;
ElPaso;;;;;;;;382,8;;454,4;461,5;;;;;;;599,2;537,3;575,5;;;;;;;;;;;;;;;;
Winnipeg;;;359,0;;381,5;;;;;;;;;;349,4;;;;;;;;;;;;;;;;;;;;;
Duluth;;;;;375,9;;;;;;;;;360,0;;;;;;;;;;;;;;;;;;;;;;
Omaha;;;;;381,0;;;;;;;443,7;;;;;;;;;;;569,0;;;;;;;;;;;;;
KansasCity;;;;;;;;;;;;523,0;;;;;;;;;;740,9;;;;;;;;;;;;;;
OklahomaCity;;;;;;;;;;;;483,5;529,8;;;;;;;;981,3;;;;;;;;;;;;;;;
Houston;;;;;;;;;;;;;471,9;;;;;;;;;;;;;;;;;;;;;;582,4;
Dallas;;;;;;;;;;;;;462,8;;;;;;;;650,7;;;;;;;;;;;;;;;
LittleRock;;;;;;;;;;;;;;;;;;528,9;;595,5;;564,2;;;;;;;;;;;;;604,5;983,0
SaintLouis;;;;;;;;;;;;;;;;;582,7;;;;703,2;;597,2;;;;;;541,0;;;;;;;902,0
Chicago;;;;;;;;;;;;;;;;481,3;;;;;;740,2;;;462,9;;;;533,8;;;;;;;
SaultStMarie;;;;;;;;;;;;;;;;;;;;;;;;;506,7;413,7;;;;;;;;;;
Toronto;;;;;;;;;;;;;;;;;;;;;;;576,2;442,0;;418,2;;;526,1;;;;;;;
Montreal;;;;;;;;;;;;;;;;;;;;;;;;455,2;444,4;;356,9;370,1;;;;;;;;
Boston;;;;;;;;;;;;;;;;;;;;;;;;;;381,1;;432,9;;;;;;;;
NewYork;;;;;;;;;;;;;;;;;;;;;;;;;;401,0;343,5;;;461,8;;;;;;
Pittsburgh;;;;;;;;;;;;;;;;;;;;;;645,4;550,3;;467,0;;;;;446,2;529,8;;;;;
Washington;;;;;;;;;;;;;;;;;;;;;;;;;;;;401,5;549,3;;492,4;;;;;
Raleigh;;;;;;;;;;;;;;;;;;;;;;;;;;;;;570,8;458,7;;;611,2;;;
Atlanta;;;;;;;;;;;;;;;;;;;;;;;;;;;;;;;;;596,1;611,4;601,1;901,0
Charleston;;;;;;;;;;;;;;;;;;;;;;;;;;;;;;;536,5;684,4;;626,3;;
Miami;;;;;;;;;;;;;;;;;;;;;;;;;;;;;;;;708,1;612,9;;647,5;
NewOrleans;;;;;;;;;;;;;;;;;;;510,7;;655,5;;;;;;;;;;;737,7;;618,8;;
Nashville;;;;;;;;;;;;;;;;;;;;;1000,0;1000,0;;;;;;;;;;1000,0;;;;
Step_24000;Vancouver;Seattle;Calgary;Portland;Helena;SaltLakeCity;SanFrancisco;LosAngeles;LasVegas;Phoenix;SantaFe;Denver;ElPaso;Winnipeg;Duluth;Omaha;KansasCity;OklahomaCity;Houston;Dallas;LittleRock;SaintLouis;Chicago;SaultStMarie;Toronto;Montreal;Boston;NewYork;Pittsburgh;Washington;Raleigh;Atlanta;Charleston;Miami;NewOrleans;Nashville
Vancouver;;346,5;310,4;;;;;;;;;;;;;;;;;;;;;;;;;;;;;;;;;
Seattle;296,5;;327,9;349,8;389,8;;;;;;;;;;;;;;;;;;;;;;;;;;;;;;;
Calgary;294,7;318,5;;;402,0;;;;;;;;;348,6;;;;;;;;;;;;;;;;;;;;;;
Portland;;332,2;;;;992,4;352,9;;;;;;;;;;;;;;;;;;;;;;;;;;;;;
Helena;;327,2;340,0;;;425,8;;;;;;471,8;;348,9;343,9;478,6;;;;;;;;;;;;;;;;;;;;
SaltLakeCity;;;;350,1;398,5;;349,9;;363,7;;;986,5;;;;;;;;;;;;;;;;;;;;;;;;
SanFrancisco;;;;338,7;;382,9;;399,4;;;;;;;;;;;;;;;;;;;;;;;;;;;;
LosAngeles;;;;;;;373,2;;364,6;;;;496,6;;;;;;;;;;;;;;;;;;;;;;;
LasVegas;;;;;;382,1;;407,3;;;;;;;;;;;;;;;;;;;;;;;;;;;;
Phoenix;;;;;;;;;;;;476,9;478,7;;;;;;;;;;;;;;;;;;;;;;;
SantaFe;;;;;;;;;;;;493,5;495,8;;;;;;;;;;;;;;;;;;;;;;;
Denver;;;;;436,9;415,8;;;;452,3;448,2;;;;;509,2;983,7;532,8;;;;;;;;;;;;;;;;;;
ElPaso;;;;;;;;389,4;;472,7;446,7;;;;;;;536,8;535,1;534,9;;;;;;;;;;;;;;;;
Winnipeg;;;330,3;;410,1;;;;;;;;;;356,9;;;;;;;;;;;;;;;;;;;;;
Duluth;;;;;379,7;;;;;;;;;354,5;;;;;;;;;;;;;;;;;;;;;;
Omaha;;;;;413,6;;;;;;;452,0;;;;;;;;;;;605,1;;;;;;;;;;;;;
KansasCity;;;;;;;;;;;;478,4;;;;;;;;;;980,4;;;;;;;;;;;;;;
OklahomaCity;;;;;;;;;;;;461,8;515,8;;;;;;;;698,1;;;;;;;;;;;;;;;
Houston;;;;;;;;;;;;;446,9;;;;;;;;;;;;;;;;;;;;;;590,6;
Dallas;;;;;;;;;;;;;488,4;;;;;;;;653,2;;;;;;;;;;;;;;;
LittleRock;;;;;;;;;;;;;;;;;;668,6;;618,9;;727,9;;;;;;;;;;;;;597,6;903,0
SaintLouis;;;;;;;;;;;;;;;;;531,7;;;;723,2;;527,5;;;;;;534,7;;;;;;;982,0
Chicago;;;;;;;;;;;;;;;;479,5;;;;;;706,1;;;447,4;;;;520,3;;;;;;;
SaultStMarie;;;;;;;;;;;;;;;;;;;;;;;;;456,8;406,3;;;;;;;;;;
Toronto;;;;;;;;;;;;;;;;;;;;;;;523,6;417,7;;390,2;;;513,4;;;;;;;
Montreal;;;;;;;;;;;;;;;;;;;;;;;;434,6;448,9;;369,2;361,1;;;;;;;;
Boston;;;;;;;;;;;;;;;;;;;;;;;;;;408,5;;404,4;;;;;;;;
NewYork;;;;;;;;;;;;;;;;;;;;;;;;;;414,4;362,2;;;428,7;;;;;;
Pittsburgh;;;;;;;;;;;;;;;;;;;;;;633,7;573,6;;489,2;;;;;424,7;487,9;;;;;
Washington;;;;;;;;;;;;;;;;;;;;;;;;;;;;391,6;525,8;;516,5;;;;;
Raleigh;;;;;;;;;;;;;;;;;;;;;;;;;;;;;527,9;452,9;;;542,1;;;
Atlanta;;;;;;;;;;;;;;;;;;;;;;;;;;;;;;;;;562,4;611,5;578,3;901,0
Charleston;;;;;;;;;;;;;;;;;;;;;;;;;;;;;;;488,8;684,5;;588,5;;
Miami;;;;;;;;;;;;;;;;;;;;;;;;;;;;;;;;696,3;590,0;;588,4;
NewOrleans;;;;;;;;;;;;;;;;;;;502,3;;674,5;;;;;;;;;;;619,5;;615,9;;
Nashville;;;;;;;;;;;;;;;;;;;;;1000,0;1000,0;;;;;;;;;;1000,0;;;;
Step_28000;Vancouver;Seattle;Calgary;Portland;Helena;SaltLakeCity;SanFrancisco;LosAngeles;LasVegas;Phoenix;SantaFe;Denver;ElPaso;Winnipeg;Duluth;Omaha;KansasCity;OklahomaCity;Houston;Dallas;LittleRock;SaintLouis;Chicago;SaultStMarie;Toronto;Montreal;Boston;NewYork;Pittsburgh;Washington;Raleigh;Atlanta;Charleston;Miami;NewOrleans;Nashville
Vancouver;;323,9;338,3;;;;;;;;;;;;;;;;;;;;;;;;;;;;;;;;;
Seattle;299,4;;335,3;317,5;410,8;;;;;;;;;;;;;;;;;;;;;;;;;;;;;;;
Calgary;309,6;353,7;;;397,3;;;;;;;;;338,5;;;;;;;;;;;;;;;;;;;;;;
Portland;;338,2;;;;974,5;331,0;;;;;;;;;;;;;;;;;;;;;;;;;;;;;
Helena;;343,4;342,0;;;401,7;;;;;;453,7;;365,5;345,0;486,7;;;;;;;;;;;;;;;;;;;;
SaltLakeCity;;;;333,8;397,1;;334,2;;357,0;;;887,3;;;;;;;;;;;;;;;;;;;;;;;;
SanFrancisco;;;;327,9;;346,0;;392,4;;;;;;;;;;;;;;;;;;;;;;;;;;;;
LosAngeles;;;;;;;324,7;;355,9;;;;464,1;;;;;;;;;;;;;;;;;;;;;;;
LasVegas;;;;;;384,1;;392,0;;;;;;;;;;;;;;;;;;;;;;;;;;;;
Phoenix;;;;;;;;;;;;523,2;495,9;;;;;;;;;;;;;;;;;;;;;;;
SantaFe;;;;;;;;;;;;446,8;483,4;;;;;;;;;;;;;;;;;;;;;;;
Denver;;;;;403,5;374,4;;;;433,0;432,5;;;;;442,4;983,7;481,4;;;;;;;;;;;;;;;;;;
ElPaso;;;;;;;;403,9;;428,1;440,9;;;;;;;551,5;518,5;570,4;;;;;;;;;;;;;;;;
Winnipeg;;;352,4;;401,5;;;;;;;;;;341,8;;;;;;;;;;;;;;;;;;;;;
Duluth;;;;;427,1;;;;;;;;;347,3;;;;;;;;;;;;;;;;;;;;;;
Omaha;;;;;396,1;;;;;;;477,5;;;;;;;;;;;563,9;;;;;;;;;;;;;
KansasCity;;;;;;;;;;;;460,9;;;;;;;;;;980,4;;;;;;;;;;;;;;
OklahomaCity;;;;;;;;;;;;454,9;462,4;;;;;;;;696,6;;;;;;;;;;;;;;;
Houston;;;;;;;;;;;;;474,7;;;;;;;;;;;;;;;;;;;;;;636,8;
Dallas;;;;;;;;;;;;;507,9;;;;;;;;671,8;;;;;;;;;;;;;;;
LittleRock;;;;;;;;;;;;;;;;;;565,8;;586,6;;648,7;;;;;;;;;;;;;614,3;903,0
SaintLouis;;;;;;;;;;;;;;;;;561,7;;;;740,2;;516,0;;;;;;548,9;;;;;;;982,0
Chicago;;;;;;;;;;;;;;;;423,6;;;;;;650,3;;;530,8;;;;629,8;;;;;;;
SaultStMarie;;;;;;;;;;;;;;;;;;;;;;;;;436,6;376,2;;;;;;;;;;
Toronto;;;;;;;;;;;;;;;;;;;;;;;577,4;387,7;;374,9;;;551,9;;;;;;;
Montreal;;;;;;;;;;;;;;;;;;;;;;;;400,1;458,3;;350,4;382,1;;;;;;;;
Boston;;;;;;;;;;;;;;;;;;;;;;;;;;397,6;;372,5;;;;;;;;
NewYork;;;;;;;;;;;;;;;;;;;;;;;;;;377,9;357,8;;;436,1;;;;;;
Pittsburgh;;;;;;;;;;;;;;;;;;;;;;741,9;577,7;;532,9;;;;;460,9;528,8;;;;;
Washington;;;;;;;;;;;;;;;;;;;;;;;;;;;;387,7;516,4;;536,0;;;;;
Raleigh;;;;;;;;;;;;;;;;;;;;;;;;;;;;;560,2;482,5;;;607,7;;;
Atlanta;;;;;;;;;;;;;;;;;;;;;;;;;;;;;;;;;573,6;585,1;647,3;901,0
Charleston;;;;;;;;;;;;;;;;;;;;;;;;;;;;;;;540,8;732,2;;600,4;;
Miami;;;;;;;;;;;;;;;;;;;;;;;;;;;;;;;;651,9;615,8;;608,5;
NewOrleans;;;;;;;;;;;;;;;;;;;532,8;;761,7;;;;;;;;;;;710,3;;597,3;;
Nashville;;;;;;;;;;;;;;;;;;;;;1000,0;1000,0;;;;;;;;;;1000,0;;;;
Step_32000;Vancouver;Seattle;Calgary;Portland;Helena;SaltLakeCity;SanFrancisco;LosAngeles;LasVegas;Phoenix;SantaFe;Denver;ElPaso;Winnipeg;Duluth;Omaha;KansasCity;OklahomaCity;Houston;Dallas;LittleRock;SaintLouis;Chicago;SaultStMarie;Toronto;Montreal;Boston;NewYork;Pittsburgh;Washington;Raleigh;Atlanta;Charleston;Miami;NewOrleans;Nashville
Vancouver;;341,9;314,3;;;;;;;;;;;;;;;;;;;;;;;;;;;;;;;;;
Seattle;308,1;;332,3;360,6;389,1;;;;;;;;;;;;;;;;;;;;;;;;;;;;;;;
Calgary;302,0;347,9;;;406,9;;;;;;;;;360,3;;;;;;;;;;;;;;;;;;;;;;
Portland;;334,2;;;;897,6;374,4;;;;;;;;;;;;;;;;;;;;;;;;;;;;;
Helena;;332,9;330,0;;;417,1;;;;;;472,0;;356,1;335,6;520,0;;;;;;;;;;;;;;;;;;;;
SaltLakeCity;;;;460,1;425,6;;372,6;;392,6;;;984,5;;;;;;;;;;;;;;;;;;;;;;;;
SanFrancisco;;;;357,9;;406,4;;431,0;;;;;;;;;;;;;;;;;;;;;;;;;;;;
LosAngeles;;;;;;;370,2;;385,4;;;;495,4;;;;;;;;;;;;;;;;;;;;;;;
LasVegas;;;;;;412,8;;439,1;;;;;;;;;;;;;;;;;;;;;;;;;;;;
Phoenix;;;;;;;;;;;;510,6;467,1;;;;;;;;;;;;;;;;;;;;;;;
SantaFe;;;;;;;;;;;;440,5;511,8;;;;;;;;;;;;;;;;;;;;;;;
Denver;;;;;415,9;408,7;;;;466,1;425,5;;;;;527,0;972,9;525,3;;;;;;;;;;;;;;;;;;
ElPaso;;;;;;;;395,0;;464,6;438,8;;;;;;;520,3;542,2;588,2;;;;;;;;;;;;;;;;
Winnipeg;;;354,3;;428,6;;;;;;;;;;343,6;;;;;;;;;;;;;;;;;;;;;
Duluth;;;;;372,6;;;;;;;;;350,8;;;;;;;;;;;;;;;;;;;;;;
Omaha;;;;;403,5;;;;;;;488,2;;;;;;;;;;;579,1;;;;;;;;;;;;;
KansasCity;;;;;;;;;;;;481,9;;;;;;;;;;920,4;;;;;;;;;;;;;;
OklahomaCity;;;;;;;;;;;;477,5;497,8;;;;;;;;697,0;;;;;;;;;;;;;;;
Houston;;;;;;;;;;;;;449,8;;;;;;;;;;;;;;;;;;;;;;626,0;
Dallas;;;;;;;;;;;;;501,1;;;;;;;;781,3;;;;;;;;;;;;;;;
LittleRock;;;;;;;;;;;;;;;;;;557,3;;600,7;;737,2;;;;;;;;;;;;;607,9;903,0
SaintLouis;;;;;;;;;;;;;;;;;648,7;;;;727,5;;597,1;;;;;;582,7;;;;;;;982,0
Chicago;;;;;;;;;;;;;;;;517,0;;;;;;704,3;;;445,8;;;;569,2;;;;;;;
SaultStMarie;;;;;;;;;;;;;;;;;;;;;;;;;461,4;391,3;;;;;;;;;;
Toronto;;;;;;;;;;;;;;;;;;;;;;;589,5;404,6;;400,6;;;517,5;;;;;;;
Montreal;;;;;;;;;;;;;;;;;;;;;;;;400,2;456,5;;344,0;379,8;;;;;;;;
Boston;;;;;;;;;;;;;;;;;;;;;;;;;;386,3;;388,9;;;;;;;;
NewYork;;;;;;;;;;;;;;;;;;;;;;;;;;378,2;352,0;;;461,9;;;;;;
Pittsburgh;;;;;;;;;;;;;;;;;;;;;;756,9;584,8;;419,5;;;;;478,8;533,1;;;;;
Washington;;;;;;;;;;;;;;;;;;;;;;;;;;;;353,0;595,7;;515,1;;;;;
Raleigh;;;;;;;;;;;;;;;;;;;;;;;;;;;;;636,3;498,0;;;544,7;;;
Atlanta;;;;;;;;;;;;;;;;;;;;;;;;;;;;;;;;;564,2;617,1;585,4;901,0
Charleston;;;;;;;;;;;;;;;;;;;;;;;;;;;;;;;504,8;722,4;;586,7;;
Miami;;;;;;;;;;;;;;;;;;;;;;;;;;;;;;;;747,4;561,4;;605,2;
NewOrleans;;;;;;;;;;;;;;;;;;;520,9;;749,9;;;;;;;;;;;686,0;;623,7;;
Nashville;;;;;;;;;;;;;;;;;;;;;1000,0;1000,0;;;;;;;;;;1000,0;;;;
Step_36000;Vancouver;Seattle;Calgary;Portland;Helena;SaltLakeCity;SanFrancisco;LosAngeles;LasVegas;Phoenix;SantaFe;Denver;ElPaso;Winnipeg;Duluth;Omaha;KansasCity;OklahomaCity;Houston;Dallas;LittleRock;SaintLouis;Chicago;SaultStMarie;Toronto;Montreal;Boston;NewYork;Pittsburgh;Washington;Raleigh;Atlanta;Charleston;Miami;NewOrleans;Nashville
Vancouver;;337,3;335,7;;;;;;;;;;;;;;;;;;;;;;;;;;;;;;;;;
Seattle;304,2;;323,5;334,9;408,8;;;;;;;;;;;;;;;;;;;;;;;;;;;;;;;
Calgary;310,5;316,8;;;381,8;;;;;;;;;343,8;;;;;;;;;;;;;;;;;;;;;;
Portland;;342,5;;;;1017,0;362,2;;;;;;;;;;;;;;;;;;;;;;;;;;;;;
Helena;;363,1;333,4;;;392,8;;;;;;472,0;;349,4;356,4;448,7;;;;;;;;;;;;;;;;;;;;
SaltLakeCity;;;;342,1;352,6;;359,5;;397,2;;;1011,0;;;;;;;;;;;;;;;;;;;;;;;;
SanFrancisco;;;;347,0;;420,4;;406,4;;;;;;;;;;;;;;;;;;;;;;;;;;;;
LosAngeles;;;;;;;358,5;;385,1;;;;527,7;;;;;;;;;;;;;;;;;;;;;;;
LasVegas;;;;;;425,2;;458,2;;;;;;;;;;;;;;;;;;;;;;;;;;;;
Phoenix;;;;;;;;;;;;486,5;516,2;;;;;;;;;;;;;;;;;;;;;;;
SantaFe;;;;;;;;;;;;518,8;492,4;;;;;;;;;;;;;;;;;;;;;;;
Denver;;;;;377,8;394,4;;;;464,5;451,7;;;;;488,3;1008,0;514,4;;;;;;;;;;;;;;;;;;
ElPaso;;;;;;;;403,4;;451,1;424,4;;;;;;;543,2;537,5;657,6;;;;;;;;;;;;;;;;
Winnipeg;;;329,9;;393,3;;;;;;;;;;359,9;;;;;;;;;;;;;;;;;;;;;
Duluth;;;;;401,2;;;;;;;;;328,9;;;;;;;;;;;;;;;;;;;;;;
Omaha;;;;;370,3;;;;;;;494,1;;;;;;;;;;;590,2;;;;;;;;;;;;;
KansasCity;;;;;;;;;;;;540,7;;;;;;;;;;1004,0;;;;;;;;;;;;;;
OklahomaCity;;;;;;;;;;;;438,7;508,4;;;;;;;;687,6;;;;;;;;;;;;;;;
Houston;;;;;;;;;;;;;514,8;;;;;;;;;;;;;;;;;;;;;;607,2;
Dallas;;;;;;;;;;;;;476,1;;;;;;;;724,5;;;;;;;;;;;;;;;
LittleRock;;;;;;;;;;;;;;;;;;587,5;;640,5;;700,7;;;;;;;;;;;;;605,9;903,0
SaintLouis;;;;;;;;;;;;;;;;;586,7;;;;663,0;;638,2;;;;;;575,1;;;;;;;1002,0
Chicago;;;;;;;;;;;;;;;;473,6;;;;;;703,1;;;484,4;;;;580,2;;;;;;;
SaultStMarie;;;;;;;;;;;;;;;;;;;;;;;;;472,4;391,0;;;;;;;;;;
Toronto;;;;;;;;;;;;;;;;;;;;;;;548,7;396,8;;389,6;;;512,4;;;;;;;
Montreal;;;;;;;;;;;;;;;;;;;;;;;;405,2;440,9;;354,8;414,4;;;;;;;;
Boston;;;;;;;;;;;;;;;;;;;;;;;;;;401,7;;402,1;;;;;;;;
NewYork;;;;;;;;;;;;;;;;;;;;;;;;;;377,3;359,9;;;515,3;;;;;;
Pittsburgh;;;;;;;;;;;;;;;;;;;;;;707,4;584,1;;462,7;;;;;454,3;475,4;;;;;
Washington;;;;;;;;;;;;;;;;;;;;;;;;;;;;402,4;556,4;;490,3;;;;;
Raleigh;;;;;;;;;;;;;;;;;;;;;;;;;;;;;550,9;454,4;;;516,4;;;
Atlanta;;;;;;;;;;;;;;;;;;;;;;;;;;;;;;;;;603,5;619,6;611,0;901,0
Charleston;;;;;;;;;;;;;;;;;;;;;;;;;;;;;;;477,2;709,5;;625,6;;
Miami;;;;;;;;;;;;;;;;;;;;;;;;;;;;;;;;756,6;593,3;;638,6;
NewOrleans;;;;;;;;;;;;;;;;;;;532,8;;655,6;;;;;;;;;;;691,3;;625,2;;
Nashville;;;;;;;;;;;;;;;;;;;;;1000,0;1000,0;;;;;;;;;;1000,0;;;;
Step_40000;Vancouver;Seattle;Calgary;Portland;Helena;SaltLakeCity;SanFrancisco;LosAngeles;LasVegas;Phoenix;SantaFe;Denver;ElPaso;Winnipeg;Duluth;Omaha;KansasCity;OklahomaCity;Houston;Dallas;LittleRock;SaintLouis;Chicago;SaultStMarie;Toronto;Montreal;Boston;NewYork;Pittsburgh;Washington;Raleigh;Atlanta;Charleston;Miami;NewOrleans;Nashville
Vancouver;;305,2;355,0;;;;;;;;;;;;;;;;;;;;;;;;;;;;;;;;;
Seattle;306,0;;333,3;327,2;380,6;;;;;;;;;;;;;;;;;;;;;;;;;;;;;;;
Calgary;306,9;335,3;;;405,1;;;;;;;;;346,8;;;;;;;;;;;;;;;;;;;;;;
Portland;;326,5;;;;974,8;326,4;;;;;;;;;;;;;;;;;;;;;;;;;;;;;
Helena;;328,9;331,6;;;366,8;;;;;;440,3;;326,0;371,4;483,5;;;;;;;;;;;;;;;;;;;;
SaltLakeCity;;;;360,8;404,2;;345,7;;362,3;;;888,8;;;;;;;;;;;;;;;;;;;;;;;;
SanFrancisco;;;;315,3;;393,2;;388,9;;;;;;;;;;;;;;;;;;;;;;;;;;;;
LosAngeles;;;;;;;334,4;;359,5;;;;471,1;;;;;;;;;;;;;;;;;;;;;;;
LasVegas;;;;;;402,2;;377,5;;;;;;;;;;;;;;;;;;;;;;;;;;;;
Phoenix;;;;;;;;;;;;443,4;459,9;;;;;;;;;;;;;;;;;;;;;;;
SantaFe;;;;;;;;;;;;527,0;500,5;;;;;;;;;;;;;;;;;;;;;;;
Denver;;;;;432,4;379,1;;;;412,0;440,9;;;;;451,1;983,7;492,7;;;;;;;;;;;;;;;;;;
ElPaso;;;;;;;;387,6;;412,1;442,7;;;;;;;539,3;509,7;562,0;;;;;;;;;;;;;;;;
Winnipeg;;;334,9;;379,8;;;;;;;;;;359,5;;;;;;;;;;;;;;;;;;;;;
Duluth;;;;;422,2;;;;;;;;;342,5;;;;;;;;;;;;;;;;;;;;;;
Omaha;;;;;433,4;;;;;;;455,1;;;;;;;;;;;553,7;;;;;;;;;;;;;
KansasCity;;;;;;;;;;;;437,8;;;;;;;;;;980,4;;;;;;;;;;;;;;
OklahomaCity;;;;;;;;;;;;457,4;446,1;;;;;;;;616,1;;;;;;;;;;;;;;;
Houston;;;;;;;;;;;;;482,3;;;;;;;;;;;;;;;;;;;;;;623,1;
Dallas;;;;;;;;;;;;;501,4;;;;;;;;685,4;;;;;;;;;;;;;;;
LittleRock;;;;;;;;;;;;;;;;;;573,7;;598,1;;718,7;;;;;;;;;;;;;570,0;903,0
SaintLouis;;;;;;;;;;;;;;;;;561,1;;;;668,1;;596,8;;;;;;544,6;;;;;;;982,0
Chicago;;;;;;;;;;;;;;;;505,4;;;;;;676,2;;;486,2;;;;550,4;;;;;;;
SaultStMarie;;;;;;;;;;;;;;;;;;;;;;;;;496,3;404,8;;;;;;;;;;
Toronto;;;;;;;;;;;;;;;;;;;;;;;502,5;416,9;;389,6;;;584,3;;;;;;;
Montreal;;;;;;;;;;;;;;;;;;;;;;;;405,9;475,2;;360,0;383,4;;;;;;;;
Boston;;;;;;;;;;;;;;;;;;;;;;;;;;407,0;;392,9;;;;;;;;
NewYork;;;;;;;;;;;;;;;;;;;;;;;;;;376,3;359,9;;;490,1;;;;;;
Pittsburgh;;;;;;;;;;;;;;;;;;;;;;762,4;580,0;;457,7;;;;;418,8;484,6;;;;;
Washington;;;;;;;;;;;;;;;;;;;;;;;;;;;;372,7;619,0;;502,0;;;;;
Raleigh;;;;;;;;;;;;;;;;;;;;;;;;;;;;;503,4;468,2;;;601,9;;;
Atlanta;;;;;;;;;;;;;;;;;;;;;;;;;;;;;;;;;593,2;683,4;620,8;901,0
Charleston;;;;;;;;;;;;;;;;;;;;;;;;;;;;;;;504,9;693,5;;653,1;;
Miami;;;;;;;;;;;;;;;;;;;;;;;;;;;;;;;;720,3;599,7;;613,6;
NewOrleans;;;;;;;;;;;;;;;;;;;530,4;;603,1;;;;;;;;;;;713,3;;600,0;;
Nashville;;;;;;;;;;;;;;;;;;;;;1000,0;1000,0;;;;;;;;;;1000,0;;;;
Step_4000;Vancouver;Seattle;Calgary;Portland;Helena;SaltLakeCity;SanFrancisco;LosAngeles;LasVegas;Phoenix;SantaFe;Denver;ElPaso;Winnipeg;Duluth;Omaha;KansasCity;OklahomaCity;Houston;Dallas;LittleRock;SaintLouis;Chicago;SaultStMarie;Toronto;Montreal;Boston;NewYork;Pittsburgh;Washington;Raleigh;Atlanta;Charleston;Miami;NewOrleans;Nashville
Vancouver;;342,7;333,5;;;;;;;;;;;;;;;;;;;;;;;;;;;;;;;;;
Seattle;309,6;;327,0;339,2;417,0;;;;;;;;;;;;;;;;;;;;;;;;;;;;;;;
Calgary;304,9;336,2;;;398,9;;;;;;;;;348,7;;;;;;;;;;;;;;;;;;;;;;
Portland;;350,6;;;;993,0;377,3;;;;;;;;;;;;;;;;;;;;;;;;;;;;;
Helena;;341,3;344,6;;;416,8;;;;;;504,7;;367,7;375,7;457,6;;;;;;;;;;;;;;;;;;;;
SaltLakeCity;;;;372,5;410,1;;;;386,1;;;985,7;;;;;;;;;;;;;;;;;;;;;;;;
SanFrancisco;;;;363,1;;;;409,0;;;;;;;;;;;;;;;;;;;;;;;;;;;;
LosAngeles;;;;;;;346,4;;360,2;;;;456,7;;;;;;;;;;;;;;;;;;;;;;;
LasVegas;;;;;;378,3;;437,7;;;;;;;;;;;;;;;;;;;;;;;;;;;;
Phoenix;;;;;;;;;;;;482,0;497,9;;;;;;;;;;;;;;;;;;;;;;;
SantaFe;;;;;;;;;;;;462,1;483,1;;;;;;;;;;;;;;;;;;;;;;;
Denver;;;;;404,8;432,3;;;;449,8;439,1;;;;;456,0;572,8;974,9;;;;;;;;;;;;;;;;;;
ElPaso;;;;;;;;408,0;;446,6;434,2;;;;;;;515,1;517,4;534,6;;;;;;;;;;;;;;;;
Winnipeg;;;335,2;;408,5;;;;;;;;;;359,1;;;;;;;;;;;;;;;;;;;;;
Duluth;;;;;403,3;;;;;;;;;375,7;;;;;;;;;;;;;;;;;;;;;;
Omaha;;;;;398,2;;;;;;;496,0;;;;;;;;;;;577,2;;;;;;;;;;;;;
KansasCity;;;;;;;;;;;;490,1;;;;;;;;;;711,0;;;;;;;;;;;;;;
OklahomaCity;;;;;;;;;;;;484,3;468,4;;;;;;;;927,1;;;;;;;;;;;;;;;
Houston;;;;;;;;;;;;;458,1;;;;;;;;;;;;;;;;;;;;;;562,2;
Dallas;;;;;;;;;;;;;495,4;;;;;;;;705,3;;;;;;;;;;;;;;;
LittleRock;;;;;;;;;;;;;;;;;;591,3;;581,8;;666,2;;;;;;;;;;;;;681,5;1003,0
SaintLouis;;;;;;;;;;;;;;;;;561,7;;;;679,8;;569,1;;;;;;504,0;;;;;;;902,0
Chicago;;;;;;;;;;;;;;;;471,3;;;;;;711,9;;;396,7;;;;554,4;;;;;;;
SaultStMarie;;;;;;;;;;;;;;;;;;;;;;;;;420,6;95,8;;;;;;;;;;
Toronto;;;;;;;;;;;;;;;;;;;;;;;626,3;372,2;;284,2;;;500,4;;;;;;;
Montreal;;;;;;;;;;;;;;;;;;;;;;;;282,7;380,7;;114,1;270,5;;;;;;;;
Boston;;;;;;;;;;;;;;;;;;;;;;;;;;248,2;;132,7;;;;;;;;
NewYork;;;;;;;;;;;;;;;;;;;;;;;;;;125,7;139,0;;;408,2;;;;;;
Pittsburgh;;;;;;;;;;;;;;;;;;;;;;678,8;578,0;;467,5;;;;;375,1;430,5;;;;;
Washington;;;;;;;;;;;;;;;;;;;;;;;;;;;;240,7;544,9;;385,8;;;;;
Raleigh;;;;;;;;;;;;;;;;;;;;;;;;;;;;;543,2;348,0;;;363,7;;;
Atlanta;;;;;;;;;;;;;;;;;;;;;;;;;;;;;;;;;539,1;468,9;621,4;901,0
Charleston;;;;;;;;;;;;;;;;;;;;;;;;;;;;;;;393,8;740,8;;443,9;;
Miami;;;;;;;;;;;;;;;;;;;;;;;;;;;;;;;;581,9;439,2;;493,2;
NewOrleans;;;;;;;;;;;;;;;;;;;485,9;;731,8;;;;;;;;;;;765,4;;514,1;;
Nashville;;;;;;;;;;;;;;;;;;;;;1000,0;1000,0;;;;;;;;;;1000,0;;;;
Step_8000;Vancouver;Seattle;Calgary;Portland;Helena;SaltLakeCity;SanFrancisco;LosAngeles;LasVegas;Phoenix;SantaFe;Denver;ElPaso;Winnipeg;Duluth;Omaha;KansasCity;OklahomaCity;Houston;Dallas;LittleRock;SaintLouis;Chicago;SaultStMarie;Toronto;Montreal;Boston;NewYork;Pittsburgh;Washington;Raleigh;Atlanta;Charleston;Miami;NewOrleans;Nashville
Vancouver;;346,0;300,3;;;;;;;;;;;;;;;;;;;;;;;;;;;;;;;;;
Seattle;291,9;;323,2;347,8;425,3;;;;;;;;;;;;;;;;;;;;;;;;;;;;;;;
Calgary;304,4;306,5;;;372,7;;;;;;;;;340,7;;;;;;;;;;;;;;;;;;;;;;
Portland;;367,8;;;;1018,0;370,2;;;;;;;;;;;;;;;;;;;;;;;;;;;;;
Helena;;329,5;310,2;;;383,1;;;;;;495,7;;343,4;337,4;435,0;;;;;;;;;;;;;;;;;;;;
SaltLakeCity;;;;319,1;393,0;;;;367,5;;;899,2;;;;;;;;;;;;;;;;;;;;;;;;
SanFrancisco;;;;352,5;;;;413,1;;;;;;;;;;;;;;;;;;;;;;;;;;;;
LosAngeles;;;;;;;333,5;;368,9;;;;542,4;;;;;;;;;;;;;;;;;;;;;;;
LasVegas;;;;;;411,1;;409,0;;;;;;;;;;;;;;;;;;;;;;;;;;;;
Phoenix;;;;;;;;;;;;501,8;546,1;;;;;;;;;;;;;;;;;;;;;;;
SantaFe;;;;;;;;;;;;450,2;482,4;;;;;;;;;;;;;;;;;;;;;;;
Denver;;;;;454,3;497,6;;;;494,5;433,6;;;;;440,3;538,1;1009,0;;;;;;;;;;;;;;;;;;
ElPaso;;;;;;;;425,7;;452,3;438,6;;;;;;;555,7;525,7;626,3;;;;;;;;;;;;;;;;
Winnipeg;;;337,1;;364,0;;;;;;;;;;332,0;;;;;;;;;;;;;;;;;;;;;
Duluth;;;;;356,3;;;;;;;;;327,8;;;;;;;;;;;;;;;;;;;;;;
Omaha;;;;;409,7;;;;;;;470,3;;;;;;;;;;;485,0;;;;;;;;;;;;;
KansasCity;;;;;;;;;;;;509,0;;;;;;;;;;666,7;;;;;;;;;;;;;;
OklahomaCity;;;;;;;;;;;;489,1;517,5;;;;;;;;1005,0;;;;;;;;;;;;;;;
Houston;;;;;;;;;;;;;503,6;;;;;;;;;;;;;;;;;;;;;;611,2;
Dallas;;;;;;;;;;;;;460,5;;;;;;;;757,1;;;;;;;;;;;;;;;
LittleRock;;;;;;;;;;;;;;;;;;619,9;;620,6;;684,6;;;;;;;;;;;;;642,7;983,0
SaintLouis;;;;;;;;;;;;;;;;;565,9;;;;673,0;;503,7;;;;;;560,9;;;;;;;902,0
Chicago;;;;;;;;;;;;;;;;433,9;;;;;;715,5;;;460,7;;;;532,1;;;;;;;
SaultStMarie;;;;;;;;;;;;;;;;;;;;;;;;;478,5;320,2;;;;;;;;;;
Toronto;;;;;;;;;;;;;;;;;;;;;;;539,8;387,7;;328,4;;;568,9;;;;;;;
Montreal;;;;;;;;;;;;;;;;;;;;;;;;398,7;367,0;;264,4;335,9;;;;;;;;
Boston;;;;;;;;;;;;;;;;;;;;;;;;;;322,6;;184,1;;;;;;;;
NewYork;;;;;;;;;;;;;;;;;;;;;;;;;;265,4;254,6;;;387,2;;;;;;
Pittsburgh;;;;;;;;;;;;;;;;;;;;;;637,6;587,3;;463,6;;;;;407,3;491,3;;;;;
Washington;;;;;;;;;;;;;;;;;;;;;;;;;;;;282,9;563,0;;455,3;;;;;
Raleigh;;;;;;;;;;;;;;;;;;;;;;;;;;;;;578,4;474,1;;;639,2;;;
Atlanta;;;;;;;;;;;;;;;;;;;;;;;;;;;;;;;;;596,0;600,6;597,2;901,0
Charleston;;;;;;;;;;;;;;;;;;;;;;;;;;;;;;;506,6;755,9;;607,1;;
Miami;;;;;;;;;;;;;;;;;;;;;;;;;;;;;;;;626,6;592,1;;616,6;
NewOrleans;;;;;;;;;;;;;;;;;;;520,3;;722,3;;;;;;;;;;;745,3;;601,3;;
Nashville;;;;;;;;;;;;;;;;;;;;;1000,0;1000,0;;;;;;;;;;1000,0;;;;
Step_12000;Vancouver;Seattle;Calgary;Portland;Helena;SaltLakeCity;SanFrancisco;LosAngeles;LasVegas;Phoenix;SantaFe;Denver;ElPaso;Winnipeg;Duluth;Omaha;KansasCity;OklahomaCity;Houston;Dallas;LittleRock;SaintLouis;Chicago;SaultStMarie;Toronto;Montreal;Boston;NewYork;Pittsburgh;Washington;Raleigh;Atlanta;Charleston;Miami;NewOrleans;Nashville
Vancouver;;329,7;334,3;;;;;;;;;;;;;;;;;;;;;;;;;;;;;;;;;
Seattle;304,4;;344,6;361,5;399,3;;;;;;;;;;;;;;;;;;;;;;;;;;;;;;;
Calgary;304,0;334,1;;;408,2;;;;;;;;;340,8;;;;;;;;;;;;;;;;;;;;;;
Portland;;350,9;;;;1017,0;368,9;;;;;;;;;;;;;;;;;;;;;;;;;;;;;
Helena;;355,6;344,6;;;413,6;;;;;;484,3;;362,9;344,2;466,7;;;;;;;;;;;;;;;;;;;;
SaltLakeCity;;;;374,4;382,1;;;;391,2;;;1011,0;;;;;;;;;;;;;;;;;;;;;;;;
SanFrancisco;;;;374,3;;;;422,9;;;;;;;;;;;;;;;;;;;;;;;;;;;;
LosAngeles;;;;;;;357,4;;382,4;;;;516,7;;;;;;;;;;;;;;;;;;;;;;;
LasVegas;;;;;;438,2;;414,8;;;;;;;;;;;;;;;;;;;;;;;;;;;;
Phoenix;;;;;;;;;;;;515,6;494,9;;;;;;;;;;;;;;;;;;;;;;;
SantaFe;;;;;;;;;;;;534,7;506,8;;;;;;;;;;;;;;;;;;;;;;;
Denver;;;;;414,7;398,1;;;;455,7;470,8;;;;;473,1;1008,0;614,5;;;;;;;;;;;;;;;;;;
ElPaso;;;;;;;;400,4;;457,2;466,8;;;;;;;628,6;522,5;519,6;;;;;;;;;;;;;;;;
Winnipeg;;;344,7;;428,1;;;;;;;;;;347,7;;;;;;;;;;;;;;;;;;;;;
Duluth;;;;;398,6;;;;;;;;;364,5;;;;;;;;;;;;;;;;;;;;;;
Omaha;;;;;368,6;;;;;;;488,5;;;;;;;;;;;584,9;;;;;;;;;;;;;
KansasCity;;;;;;;;;;;;488,3;;;;;;;;;;1004,0;;;;;;;;;;;;;;
OklahomaCity;;;;;;;;;;;;534,2;476,4;;;;;;;;704,7;;;;;;;;;;;;;;;
Houston;;;;;;;;;;;;;531,1;;;;;;;;;;;;;;;;;;;;;;565,3;
Dallas;;;;;;;;;;;;;511,8;;;;;;;;738,5;;;;;;;;;;;;;;;
LittleRock;;;;;;;;;;;;;;;;;;597,4;;581,0;;720,4;;;;;;;;;;;;;560,1;903,0
SaintLouis;;;;;;;;;;;;;;;;;618,6;;;;674,5;;568,4;;;;;;579,7;;;;;;;1002,0
Chicago;;;;;;;;;;;;;;;;476,5;;;;;;672,3;;;471,1;;;;492,9;;;;;;;
SaultStMarie;;;;;;;;;;;;;;;;;;;;;;;;;492,5;345,8;;;;;;;;;;
Toronto;;;;;;;;;;;;;;;;;;;;;;;555,1;421,0;;384,6;;;523,6;;;;;;;
Montreal;;;;;;;;;;;;;;;;;;;;;;;;413,0;475,2;;292,6;342,3;;;;;;;;
Boston;;;;;;;;;;;;;;;;;;;;;;;;;;347,5;;267,5;;;;;;;;
NewYork;;;;;;;;;;;;;;;;;;;;;;;;;;293,9;301,6;;;401,4;;;;;;
Pittsburgh;;;;;;;;;;;;;;;;;;;;;;728,9;541,1;;461,1;;;;;430,1;552,2;;;;;
Washington;;;;;;;;;;;;;;;;;;;;;;;;;;;;349,1;523,0;;470,9;;;;;
Raleigh;;;;;;;;;;;;;;;;;;;;;;;;;;;;;546,1;381,7;;;631,4;;;
Atlanta;;;;;;;;;;;;;;;;;;;;;;;;;;;;;;;;;590,3;627,9;588,4;901,0
Charleston;;;;;;;;;;;;;;;;;;;;;;;;;;;;;;;515,6;734,6;;625,2;;
Miami;;;;;;;;;;;;;;;;;;;;;;;;;;;;;;;;743,1;599,4;;608,2;
NewOrleans;;;;;;;;;;;;;;;;;;;533,9;;665,0;;;;;;;;;;;720,3;;600,0;;
Nashville;;;;;;;;;;;;;;;;;;;;;1000,0;1000,0;;;;;;;;;;1000,0;;;;
Step_16000;Vancouver;Seattle;Calgary;Portland;Helena;SaltLakeCity;SanFrancisco;LosAngeles;LasVegas;Phoenix;SantaFe;Denver;ElPaso;Winnipeg;Duluth;Omaha;KansasCity;OklahomaCity;Houston;Dallas;LittleRock;SaintLouis;Chicago;SaultStMarie;Toronto;Montreal;Boston;NewYork;Pittsburgh;Washington;Raleigh;Atlanta;Charleston;Miami;NewOrleans;Nashville
Vancouver;;304,6;323,3;;;;;;;;;;;;;;;;;;;;;;;;;;;;;;;;;
Seattle;294,6;;328,1;367,2;408,3;;;;;;;;;;;;;;;;;;;;;;;;;;;;;;;
Calgary;296,3;340,3;;;396,1;;;;;;;;;347,5;;;;;;;;;;;;;;;;;;;;;;
Portland;;344,8;;;;879,7;365,8;;;;;;;;;;;;;;;;;;;;;;;;;;;;;
Helena;;345,9;326,6;;;508,8;;;;;;459,4;;347,4;346,7;470,6;;;;;;;;;;;;;;;;;;;;
SaltLakeCity;;;;355,9;423,6;;;;377,6;;;886,6;;;;;;;;;;;;;;;;;;;;;;;;
SanFrancisco;;;;360,8;;;;439,7;;;;;;;;;;;;;;;;;;;;;;;;;;;;
LosAngeles;;;;;;;386,9;;371,2;;;;506,8;;;;;;;;;;;;;;;;;;;;;;;
LasVegas;;;;;;388,9;;407,6;;;;;;;;;;;;;;;;;;;;;;;;;;;;
Phoenix;;;;;;;;;;;;489,3;450,2;;;;;;;;;;;;;;;;;;;;;;;
SantaFe;;;;;;;;;;;;481,8;476,7;;;;;;;;;;;;;;;;;;;;;;;
Denver;;;;;424,2;421,7;;;;444,8;449,5;;;;;458,1;502,9;984,6;;;;;;;;;;;;;;;;;;
ElPaso;;;;;;;;440,2;;440,0;447,9;;;;;;;616,7;550,6;579,6;;;;;;;;;;;;;;;;
Winnipeg;;;347,0;;405,5;;;;;;;;;;338,4;;;;;;;;;;;;;;;;;;;;;
Duluth;;;;;393,8;;;;;;;;;354,8;;;;;;;;;;;;;;;;;;;;;;
Omaha;;;;;390,0;;;;;;;598,3;;;;;;;;;;;538,2;;;;;;;;;;;;;
KansasCity;;;;;;;;;;;;497,3;;;;;;;;;;632,1;;;;;;;;;;;;;;
OklahomaCity;;;;;;;;;;;;487,7;537,8;;;;;;;;981,3;;;;;;;;;;;;;;;
Houston;;;;;;;;;;;;;522,3;;;;;;;;;;;;;;;;;;;;;;624,5;
Dallas;;;;;;;;;;;;;504,4;;;;;;;;687,5;;;;;;;;;;;;;;;
LittleRock;;;;;;;;;;;;;;;;;;537,2;;583,0;;675,9;;;;;;;;;;;;;611,2;983,0
SaintLouis;;;;;;;;;;;;;;;;;567,3;;;;731,7;;561,4;;;;;;554,1;;;;;;;902,0
Chicago;;;;;;;;;;;;;;;;511,9;;;;;;650,5;;;526,1;;;;601,7;;;;;;;
SaultStMarie;;;;;;;;;;;;;;;;;;;;;;;;;437,5;319,8;;;;;;;;;;
Toronto;;;;;;;;;;;;;;;;;;;;;;;612,0;348,7;;378,6;;;539,8;;;;;;;
Montreal;;;;;;;;;;;;;;;;;;;;;;;;380,5;509,1;;338,9;342,4;;;;;;;;
Boston;;;;;;;;;;;;;;;;;;;;;;;;;;410,4;;292,6;;;;;;;;
NewYork;;;;;;;;;;;;;;;;;;;;;;;;;;346,4;328,7;;;391,4;;;;;;
Pittsburgh;;;;;;;;;;;;;;;;;;;;;;763,3;591,5;;485,3;;;;;411,0;511,4;;;;;
Washington;;;;;;;;;;;;;;;;;;;;;;;;;;;;338,9;499,6;;498,2;;;;;
Raleigh;;;;;;;;;;;;;;;;;;;;;;;;;;;;;506,2;443,9;;;529,9;;;
Atlanta;;;;;;;;;;;;;;;;;;;;;;;;;;;;;;;;;634,0;633,4;619,7;901,0
Charleston;;;;;;;;;;;;;;;;;;;;;;;;;;;;;;;497,3;798,8;;579,8;;
Miami;;;;;;;;;;;;;;;;;;;;;;;;;;;;;;;;716,8;674,9;;612,2;
NewOrleans;;;;;;;;;;;;;;;;;;;543,2;;777,1;;;;;;;;;;;642,3;;619,1;;
Nashville;;;;;;;;;;;;;;;;;;;;;1000,0;1000,0;;;;;;;;;;1000,0;;;;
Step_20000;Vancouver;Seattle;Calgary;Portland;Helena;SaltLakeCity;SanFrancisco;LosAngeles;LasVegas;Phoenix;SantaFe;Denver;ElPaso;Winnipeg;Duluth;Omaha;KansasCity;OklahomaCity;Houston;Dallas;LittleRock;SaintLouis;Chicago;SaultStMarie;Toronto;Montreal;Boston;NewYork;Pittsburgh;Washington;Raleigh;Atlanta;Charleston;Miami;NewOrleans;Nashville
Vancouver;;335,4;307,4;;;;;;;;;;;;;;;;;;;;;;;;;;;;;;;;;
Seattle;302,7;;337,2;371,3;396,1;;;;;;;;;;;;;;;;;;;;;;;;;;;;;;;
Calgary;294,9;347,4;;;383,2;;;;;;;;;392,9;;;;;;;;;;;;;;;;;;;;;;
Portland;;356,1;;;;975,8;360,1;;;;;;;;;;;;;;;;;;;;;;;;;;;;;
Helena;;344,5;324,1;;;420,6;;;;;;467,2;;354,7;350,8;496,9;;;;;;;;;;;;;;;;;;;;
SaltLakeCity;;;;352,2;429,8;;;;367,4;;;889,8;;;;;;;;;;;;;;;;;;;;;;;;
SanFrancisco;;;;373,1;;;;385,1;;;;;;;;;;;;;;;;;;;;;;;;;;;;
LosAngeles;;;;;;;366,9;;370,3;;;;488,3;;;;;;;;;;;;;;;;;;;;;;;
LasVegas;;;;;;396,7;;418,5;;;;;;;;;;;;;;;;;;;;;;;;;;;;
Phoenix;;;;;;;;;;;;501,0;483,2;;;;;;;;;;;;;;;;;;;;;;;
SantaFe;;;;;;;;;;;;498,9;495,2;;;;;;;;;;;;;;;;;;;;;;;
Denver;;;;;370,4;446,8;;;;460,9;442,0;;;;;512,4;576,0;1009,0;;;;;;;;;;;;;;;;;;
ElPaso;;;;;;;;423,6;;457,5;439,2;;;;;;;497,8;543,4;523,1;;;;;;;;;;;;;;;;
Winnipeg;;;332,6;;441,6;;;;;;;;;;359,2;;;;;;;;;;;;;;;;;;;;;
Duluth;;;;;384,0;;;;;;;;;393,2;;;;;;;;;;;;;;;;;;;;;;
Omaha;;;;;407,4;;;;;;;520,6;;;;;;;;;;;551,3;;;;;;;;;;;;;
KansasCity;;;;;;;;;;;;490,0;;;;;;;;;;732,8;;;;;;;;;;;;;;
OklahomaCity;;;;;;;;;;;;524,5;491,5;;;;;;;;1005,0;;;;;;;;;;;;;;;
Houston;;;;;;;;;;;;;516,6;;;;;;;;;;;;;;;;;;;;;;618,3;
Dallas;;;;;;;;;;;;;485,4;;;;;;;;799,8;;;;;;;;;;;;;;;
LittleRock;;;;;;;;;;;;;;;;;;523,6;;650,2;;702,2;;;;;;;;;;;;;653,5;983,0
SaintLouis;;;;;;;;;;;;;;;;;633,7;;;;618,2;;601,5;;;;;;589,9;;;;;;;902,0
Chicago;;;;;;;;;;;;;;;;484,3;;;;;;724,5;;;437,8;;;;558,4;;;;;;;
SaultStMarie;;;;;;;;;;;;;;;;;;;;;;;;;500,5;358,4;;;;;;;;;;
Toronto;;;;;;;;;;;;;;;;;;;;;;;549,9;413,3;;401,1;;;523,3;;;;;;;
Montreal;;;;;;;;;;;;;;;;;;;;;;;;391,2;477,9;;356,3;379,1;;;;;;;;
Boston;;;;;;;;;;;;;;;;;;;;;;;;;;404,9;;317,4;;;;;;;;
NewYork;;;;;;;;;;;;;;;;;;;;;;;;;;364,8;346,4;;;440,3;;;;;;
Pittsburgh;;;;;;;;;;;;;;;;;;;;;;680,3;576,3;;447,0;;;;;432,3;493,9;;;;;
Washington;;;;;;;;;;;;;;;;;;;;;;;;;;;;399,7;557,3;;496,3;;;;;
Raleigh;;;;;;;;;;;;;;;;;;;;;;;;;;;;;559,9;424,3;;;602,0;;;
Atlanta;;;;;;;;;;;;;;;;;;;;;;;;;;;;;;;;;627,6;601,4;647,4;901,0
Charleston;;;;;;;;;;;;;;;;;;;;;;;;;;;;;;;526,7;700,1;;619,7;;
Miami;;;;;;;;;;;;;;;;;;;;;;;;;;;;;;;;769,4;601,2;;645,5;
NewOrleans;;;;;;;;;;;;;;;;;;;531,3;;749,5;;;;;;;;;;;678,4;;663,7;;
Nashville;;;;;;;;;;;;;;;;;;;;;1000,0;1000,0;;;;;;;;;;1000,0;;;;
Step_24000;Vancouver;Seattle;Calgary;Portland;Helena;SaltLakeCity;SanFrancisco;LosAngeles;LasVegas;Phoenix;SantaFe;Denver;ElPaso;Winnipeg;Duluth;Omaha;KansasCity;OklahomaCity;Houston;Dallas;LittleRock;SaintLouis;Chicago;SaultStMarie;Toronto;Montreal;Boston;NewYork;Pittsburgh;Washington;Raleigh;Atlanta;Charleston;Miami;NewOrleans;Nashville
Vancouver;;350,7;340,9;;;;;;;;;;;;;;;;;;;;;;;;;;;;;;;;;
Seattle;312,9;;335,0;352,1;432,9;;;;;;;;;;;;;;;;;;;;;;;;;;;;;;;
Calgary;317,6;357,4;;;367,2;;;;;;;;;351,8;;;;;;;;;;;;;;;;;;;;;;
Portland;;364,5;;;;976,6;355,4;;;;;;;;;;;;;;;;;;;;;;;;;;;;;
Helena;;346,5;338,9;;;420,9;;;;;;478,3;;345,6;369,7;493,7;;;;;;;;;;;;;;;;;;;;
SaltLakeCity;;;;364,3;440,1;;;;372,1;;;894,6;;;;;;;;;;;;;;;;;;;;;;;;
SanFrancisco;;;;364,2;;;;394,5;;;;;;;;;;;;;;;;;;;;;;;;;;;;
LosAngeles;;;;;;;369,1;;373,7;;;;475,5;;;;;;;;;;;;;;;;;;;;;;;
LasVegas;;;;;;419,1;;402,1;;;;;;;;;;;;;;;;;;;;;;;;;;;;
Phoenix;;;;;;;;;;;;483,9;528,2;;;;;;;;;;;;;;;;;;;;;;;
SantaFe;;;;;;;;;;;;559,3;477,9;;;;;;;;;;;;;;;;;;;;;;;
Denver;;;;;373,2;425,1;;;;465,1;468,8;;;;;495,2;530,3;974,2;;;;;;;;;;;;;;;;;;
ElPaso;;;;;;;;414,2;;465,5;451,1;;;;;;;591,3;562,6;524,4;;;;;;;;;;;;;;;;
Winnipeg;;;345,6;;424,6;;;;;;;;;;371,2;;;;;;;;;;;;;;;;;;;;;
Duluth;;;;;435,9;;;;;;;;;357,9;;;;;;;;;;;;;;;;;;;;;;
Omaha;;;;;385,5;;;;;;;492,1;;;;;;;;;;;569,0;;;;;;;;;;;;;
KansasCity;;;;;;;;;;;;497,8;;;;;;;;;;645,6;;;;;;;;;;;;;;
OklahomaCity;;;;;;;;;;;;515,7;490,8;;;;;;;;923,1;;;;;;;;;;;;;;;
Houston;;;;;;;;;;;;;503,3;;;;;;;;;;;;;;;;;;;;;;653,1;
Dallas;;;;;;;;;;;;;518,5;;;;;;;;718,6;;;;;;;;;;;;;;;
LittleRock;;;;;;;;;;;;;;;;;;529,8;;611,8;;606,1;;;;;;;;;;;;;659,4;1003,0
SaintLouis;;;;;;;;;;;;;;;;;543,3;;;;682,2;;580,6;;;;;;647,9;;;;;;;902,0
Chicago;;;;;;;;;;;;;;;;471,2;;;;;;711,1;;;489,8;;;;539,9;;;;;;;
SaultStMarie;;;;;;;;;;;;;;;;;;;;;;;;;467,4;375,9;;;;;;;;;;
Toronto;;;;;;;;;;;;;;;;;;;;;;;583,1;412,1;;390,3;;;495,9;;;;;;;
Montreal;;;;;;;;;;;;;;;;;;;;;;;;422,1;497,7;;351,6;388,6;;;;;;;;
Boston;;;;;;;;;;;;;;;;;;;;;;;;;;375,2;;351,4;;;;;;;;
NewYork;;;;;;;;;;;;;;;;;;;;;;;;;;395,0;348,3;;;480,3;;;;;;
Pittsburgh;;;;;;;;;;;;;;;;;;;;;;739,4;488,2;;512,9;;;;;499,2;514,9;;;;;
Washington;;;;;;;;;;;;;;;;;;;;;;;;;;;;377,7;647,1;;510,2;;;;;
Raleigh;;;;;;;;;;;;;;;;;;;;;;;;;;;;;580,9;434,7;;;592,9;;;
Atlanta;;;;;;;;;;;;;;;;;;;;;;;;;;;;;;;;;618,7;666,1;578,4;901,0
Charleston;;;;;;;;;;;;;;;;;;;;;;;;;;;;;;;547,9;768,9;;643,7;;
Miami;;;;;;;;;;;;;;;;;;;;;;;;;;;;;;;;762,2;600,0;;551,7;
NewOrleans;;;;;;;;;;;;;;;;;;;522,0;;743,8;;;;;;;;;;;781,0;;602,1;;
Nashville;;;;;;;;;;;;;;;;;;;;;1000,0;1000,0;;;;;;;;;;1000,0;;;;
Step_28000;Vancouver;Seattle;Calgary;Portland;Helena;SaltLakeCity;SanFrancisco;LosAngeles;LasVegas;Phoenix;SantaFe;Denver;ElPaso;Winnipeg;Duluth;Omaha;KansasCity;OklahomaCity;Houston;Dallas;LittleRock;SaintLouis;Chicago;SaultStMarie;Toronto;Montreal;Boston;NewYork;Pittsburgh;Washington;Raleigh;Atlanta;Charleston;Miami;NewOrleans;Nashville
Vancouver;;310,0;342,1;;;;;;;;;;;;;;;;;;;;;;;;;;;;;;;;;
Seattle;301,7;;342,3;373,6;418,0;;;;;;;;;;;;;;;;;;;;;;;;;;;;;;;
Calgary;306,6;357,2;;;422,6;;;;;;;;;334,8;;;;;;;;;;;;;;;;;;;;;;
Portland;;347,2;;;;974,3;339,8;;;;;;;;;;;;;;;;;;;;;;;;;;;;;
Helena;;351,1;369,7;;;419,0;;;;;;485,4;;331,4;342,6;501,5;;;;;;;;;;;;;;;;;;;;
SaltLakeCity;;;;355,8;415,5;;;;377,4;;;881,9;;;;;;;;;;;;;;;;;;;;;;;;
SanFrancisco;;;;361,0;;;;450,7;;;;;;;;;;;;;;;;;;;;;;;;;;;;
LosAngeles;;;;;;;362,1;;371,1;;;;520,2;;;;;;;;;;;;;;;;;;;;;;;
LasVegas;;;;;;429,0;;396,4;;;;;;;;;;;;;;;;;;;;;;;;;;;;
Phoenix;;;;;;;;;;;;477,9;479,3;;;;;;;;;;;;;;;;;;;;;;;
SantaFe;;;;;;;;;;;;470,1;509,7;;;;;;;;;;;;;;;;;;;;;;;
Denver;;;;;398,4;402,0;;;;438,4;449,6;;;;;501,7;580,0;1009,0;;;;;;;;;;;;;;;;;;
ElPaso;;;;;;;;434,7;;443,2;441,1;;;;;;;596,4;558,7;609,0;;;;;;;;;;;;;;;;
Winnipeg;;;354,4;;399,8;;;;;;;;;;361,6;;;;;;;;;;;;;;;;;;;;;
Duluth;;;;;419,9;;;;;;;;;315,3;;;;;;;;;;;;;;;;;;;;;;
Omaha;;;;;368,9;;;;;;;485,6;;;;;;;;;;;584,8;;;;;;;;;;;;;
KansasCity;;;;;;;;;;;;501,4;;;;;;;;;;682,0;;;;;;;;;;;;;;
OklahomaCity;;;;;;;;;;;;462,1;498,7;;;;;;;;1005,0;;;;;;;;;;;;;;;
Houston;;;;;;;;;;;;;470,0;;;;;;;;;;;;;;;;;;;;;;611,0;
Dallas;;;;;;;;;;;;;467,5;;;;;;;;718,7;;;;;;;;;;;;;;;
LittleRock;;;;;;;;;;;;;;;;;;577,9;;548,2;;729,8;;;;;;;;;;;;;595,2;1003,0
SaintLouis;;;;;;;;;;;;;;;;;605,1;;;;625,5;;600,6;;;;;;605,7;;;;;;;902,0
Chicago;;;;;;;;;;;;;;;;431,4;;;;;;736,8;;;469,8;;;;610,7;;;;;;;
SaultStMarie;;;;;;;;;;;;;;;;;;;;;;;;;499,0;403,5;;;;;;;;;;
Toronto;;;;;;;;;;;;;;;;;;;;;;;580,5;429,9;;406,2;;;540,4;;;;;;;
Montreal;;;;;;;;;;;;;;;;;;;;;;;;414,1;500,0;;364,3;409,8;;;;;;;;
Boston;;;;;;;;;;;;;;;;;;;;;;;;;;360,5;;413,3;;;;;;;;
NewYork;;;;;;;;;;;;;;;;;;;;;;;;;;387,3;345,9;;;444,7;;;;;;
Pittsburgh;;;;;;;;;;;;;;;;;;;;;;752,5;595,6;;474,1;;;;;431,5;531,6;;;;;
Washington;;;;;;;;;;;;;;;;;;;;;;;;;;;;407,4;490,3;;491,2;;;;;
Raleigh;;;;;;;;;;;;;;;;;;;;;;;;;;;;;545,8;460,7;;;614,4;;;
Atlanta;;;;;;;;;;;;;;;;;;;;;;;;;;;;;;;;;584,1;603,5;622,3;901,0
Charleston;;;;;;;;;;;;;;;;;;;;;;;;;;;;;;;518,8;723,8;;624,6;;
Miami;;;;;;;;;;;;;;;;;;;;;;;;;;;;;;;;769,6;592,2;;631,3;
NewOrleans;;;;;;;;;;;;;;;;;;;545,6;;753,6;;;;;;;;;;;647,1;;648,4;;
Nashville;;;;;;;;;;;;;;;;;;;;;1000,0;1000,0;;;;;;;;;;1000,0;;;;
Step_32000;Vancouver;Seattle;Calgary;Portland;Helena;SaltLakeCity;SanFrancisco;LosAngeles;LasVegas;Phoenix;SantaFe;Denver;ElPaso;Winnipeg;Duluth;Omaha;KansasCity;OklahomaCity;Houston;Dallas;LittleRock;SaintLouis;Chicago;SaultStMarie;Toronto;Montreal;Boston;NewYork;Pittsburgh;Washington;Raleigh;Atlanta;Charleston;Miami;NewOrleans;Nashville
Vancouver;;316,6;318,1;;;;;;;;;;;;;;;;;;;;;;;;;;;;;;;;;
Seattle;294,7;;338,9;417,1;368,7;;;;;;;;;;;;;;;;;;;;;;;;;;;;;;;
Calgary;299,3;346,6;;;400,4;;;;;;;;;351,0;;;;;;;;;;;;;;;;;;;;;;
Portland;;308,5;;;;975,9;349,9;;;;;;;;;;;;;;;;;;;;;;;;;;;;;
Helena;;331,5;319,0;;;379,6;;;;;;423,6;;359,5;349,8;486,4;;;;;;;;;;;;;;;;;;;;
SaltLakeCity;;;;356,5;359,0;;;;378,1;;;890,3;;;;;;;;;;;;;;;;;;;;;;;;
SanFrancisco;;;;342,1;;;;447,0;;;;;;;;;;;;;;;;;;;;;;;;;;;;
LosAngeles;;;;;;;353,4;;362,4;;;;507,8;;;;;;;;;;;;;;;;;;;;;;;
LasVegas;;;;;;389,0;;427,6;;;;;;;;;;;;;;;;;;;;;;;;;;;;
Phoenix;;;;;;;;;;;;426,5;475,8;;;;;;;;;;;;;;;;;;;;;;;
SantaFe;;;;;;;;;;;;454,1;478,3;;;;;;;;;;;;;;;;;;;;;;;
Denver;;;;;376,9;377,2;;;;426,1;439,8;;;;;444,9;507,4;1009,0;;;;;;;;;;;;;;;;;;
ElPaso;;;;;;;;354,0;;425,8;440,7;;;;;;;653,2;540,7;496,9;;;;;;;;;;;;;;;;
Winnipeg;;;332,7;;378,3;;;;;;;;;;333,4;;;;;;;;;;;;;;;;;;;;;
Duluth;;;;;381,1;;;;;;;;;326,0;;;;;;;;;;;;;;;;;;;;;;
Omaha;;;;;341,3;;;;;;;484,5;;;;;;;;;;;603,2;;;;;;;;;;;;;
KansasCity;;;;;;;;;;;;450,5;;;;;;;;;;626,9;;;;;;;;;;;;;;
OklahomaCity;;;;;;;;;;;;437,2;506,9;;;;;;;;981,3;;;;;;;;;;;;;;;
Houston;;;;;;;;;;;;;512,8;;;;;;;;;;;;;;;;;;;;;;632,5;
Dallas;;;;;;;;;;;;;494,5;;;;;;;;712,0;;;;;;;;;;;;;;;
LittleRock;;;;;;;;;;;;;;;;;;604,9;;592,8;;756,1;;;;;;;;;;;;;643,4;983,0
SaintLouis;;;;;;;;;;;;;;;;;556,2;;;;760,0;;593,8;;;;;;613,6;;;;;;;902,0
Chicago;;;;;;;;;;;;;;;;443,3;;;;;;667,9;;;476,4;;;;580,7;;;;;;;
SaultStMarie;;;;;;;;;;;;;;;;;;;;;;;;;459,0;401,3;;;;;;;;;;
Toronto;;;;;;;;;;;;;;;;;;;;;;;516,9;397,1;;383,6;;;575,6;;;;;;;
Montreal;;;;;;;;;;;;;;;;;;;;;;;;408,9;451,6;;373,3;376,4;;;;;;;;
Boston;;;;;;;;;;;;;;;;;;;;;;;;;;360,8;;423,8;;;;;;;;
NewYork;;;;;;;;;;;;;;;;;;;;;;;;;;388,0;341,0;;;454,1;;;;;;
Pittsburgh;;;;;;;;;;;;;;;;;;;;;;745,7;579,9;;486,9;;;;;444,7;559,2;;;;;
Washington;;;;;;;;;;;;;;;;;;;;;;;;;;;;397,8;562,0;;515,3;;;;;
Raleigh;;;;;;;;;;;;;;;;;;;;;;;;;;;;;590,9;447,9;;;644,8;;;
Atlanta;;;;;;;;;;;;;;;;;;;;;;;;;;;;;;;;;579,1;597,6;630,0;901,0
Charleston;;;;;;;;;;;;;;;;;;;;;;;;;;;;;;;480,9;719,6;;589,8;;
Miami;;;;;;;;;;;;;;;;;;;;;;;;;;;;;;;;690,0;543,6;;629,2;
NewOrleans;;;;;;;;;;;;;;;;;;;515,9;;752,0;;;;;;;;;;;723,0;;586,7;;
Nashville;;;;;;;;;;;;;;;;;;;;;1000,0;1000,0;;;;;;;;;;1000,0;;;;
Step_36000;Vancouver;Seattle;Calgary;Portland;Helena;SaltLakeCity;SanFrancisco;LosAngeles;LasVegas;Phoenix;SantaFe;Denver;ElPaso;Winnipeg;Duluth;Omaha;KansasCity;OklahomaCity;Houston;Dallas;LittleRock;SaintLouis;Chicago;SaultStMarie;Toronto;Montreal;Boston;NewYork;Pittsburgh;Washington;Raleigh;Atlanta;Charleston;Miami;NewOrleans;Nashville
Vancouver;;323,2;342,0;;;;;;;;;;;;;;;;;;;;;;;;;;;;;;;;;
Seattle;307,2;;352,4;341,4;394,8;;;;;;;;;;;;;;;;;;;;;;;;;;;;;;;
Calgary;302,3;345,0;;;413,8;;;;;;;;;341,4;;;;;;;;;;;;;;;;;;;;;;
Portland;;349,1;;;;1018,0;344,8;;;;;;;;;;;;;;;;;;;;;;;;;;;;;
Helena;;350,9;345,2;;;415,5;;;;;;448,6;;336,7;351,5;448,7;;;;;;;;;;;;;;;;;;;;
SaltLakeCity;;;;325,4;402,8;;;;367,2;;;1012,0;;;;;;;;;;;;;;;;;;;;;;;;
SanFrancisco;;;;329,6;;;;413,4;;;;;;;;;;;;;;;;;;;;;;;;;;;;
LosAngeles;;;;;;;325,2;;375,7;;;;513,0;;;;;;;;;;;;;;;;;;;;;;;
LasVegas;;;;;;375,7;;385,2;;;;;;;;;;;;;;;;;;;;;;;;;;;;
Phoenix;;;;;;;;;;;;453,9;451,6;;;;;;;;;;;;;;;;;;;;;;;
SantaFe;;;;;;;;;;;;508,2;524,6;;;;;;;;;;;;;;;;;;;;;;;
Denver;;;;;395,8;429,4;;;;426,9;467,1;;;;;445,7;501,1;1009,0;;;;;;;;;;;;;;;;;;
ElPaso;;;;;;;;411,9;;432,9;465,2;;;;;;;608,6;578,7;568,4;;;;;;;;;;;;;;;;
Winnipeg;;;351,8;;388,7;;;;;;;;;;337,6;;;;;;;;;;;;;;;;;;;;;
Duluth;;;;;397,3;;;;;;;;;349,4;;;;;;;;;;;;;;;;;;;;;;
Omaha;;;;;422,0;;;;;;;502,6;;;;;;;;;;;547,2;;;;;;;;;;;;;
KansasCity;;;;;;;;;;;;460,4;;;;;;;;;;662,7;;;;;;;;;;;;;;
OklahomaCity;;;;;;;;;;;;496,2;536,6;;;;;;;;1005,0;;;;;;;;;;;;;;;
Houston;;;;;;;;;;;;;515,0;;;;;;;;;;;;;;;;;;;;;;654,4;
Dallas;;;;;;;;;;;;;508,4;;;;;;;;709,5;;;;;;;;;;;;;;;
LittleRock;;;;;;;;;;;;;;;;;;610,2;;625,1;;752,7;;;;;;;;;;;;;646,7;1003,0
SaintLouis;;;;;;;;;;;;;;;;;585,2;;;;728,5;;549,5;;;;;;592,4;;;;;;;902,0
Chicago;;;;;;;;;;;;;;;;461,0;;;;;;701,0;;;472,5;;;;521,3;;;;;;;
SaultStMarie;;;;;;;;;;;;;;;;;;;;;;;;;459,6;383,8;;;;;;;;;;
Toronto;;;;;;;;;;;;;;;;;;;;;;;560,3;405,0;;385,5;;;523,5;;;;;;;
Montreal;;;;;;;;;;;;;;;;;;;;;;;;410,0;445,6;;362,0;386,7;;;;;;;;
Boston;;;;;;;;;;;;;;;;;;;;;;;;;;368,7;;400,7;;;;;;;;
NewYork;;;;;;;;;;;;;;;;;;;;;;;;;;401,0;358,6;;;425,3;;;;;;
Pittsburgh;;;;;;;;;;;;;;;;;;;;;;754,0;506,5;;491,1;;;;;439,1;511,1;;;;;
Washington;;;;;;;;;;;;;;;;;;;;;;;;;;;;383,9;510,8;;506,3;;;;;
Raleigh;;;;;;;;;;;;;;;;;;;;;;;;;;;;;576,2;475,0;;;596,8;;;
Atlanta;;;;;;;;;;;;;;;;;;;;;;;;;;;;;;;;;645,1;630,0;628,1;901,0
Charleston;;;;;;;;;;;;;;;;;;;;;;;;;;;;;;;519,2;784,1;;586,5;;
Miami;;;;;;;;;;;;;;;;;;;;;;;;;;;;;;;;745,1;589,3;;608,1;
NewOrleans;;;;;;;;;;;;;;;;;;;522,4;;687,9;;;;;;;;;;;721,1;;626,8;;
Nashville;;;;;;;;;;;;;;;;;;;;;1000,0;1000,0;;;;;;;;;;1000,0;;;;
Step_40000;Vancouver;Seattle;Calgary;Portland;Helena;SaltLakeCity;SanFrancisco;LosAngeles;LasVegas;Phoenix;SantaFe;Denver;ElPaso;Winnipeg;Duluth;Omaha;KansasCity;OklahomaCity;Houston;Dallas;LittleRock;SaintLouis;Chicago;SaultStMarie;Toronto;Montreal;Boston;NewYork;Pittsburgh;Washington;Raleigh;Atlanta;Charleston;Miami;NewOrleans;Nashville
Vancouver;;330,1;339,4;;;;;;;;;;;;;;;;;;;;;;;;;;;;;;;;;
Seattle;304,4;;343,7;349,4;381,0;;;;;;;;;;;;;;;;;;;;;;;;;;;;;;;
Calgary;307,3;328,7;;;388,9;;;;;;;;;346,7;;;;;;;;;;;;;;;;;;;;;;
Portland;;331,7;;;;1018,0;352,5;;;;;;;;;;;;;;;;;;;;;;;;;;;;;
Helena;;321,2;334,0;;;390,6;;;;;;431,6;;347,5;349,1;436,4;;;;;;;;;;;;;;;;;;;;
SaltLakeCity;;;;350,0;365,7;;;;387,6;;;1012,0;;;;;;;;;;;;;;;;;;;;;;;;
SanFrancisco;;;;348,0;;;;377,5;;;;;;;;;;;;;;;;;;;;;;;;;;;;
LosAngeles;;;;;;;356,9;;387,5;;;;497,2;;;;;;;;;;;;;;;;;;;;;;;
LasVegas;;;;;;401,2;;421,7;;;;;;;;;;;;;;;;;;;;;;;;;;;;
Phoenix;;;;;;;;;;;;506,8;512,7;;;;;;;;;;;;;;;;;;;;;;;
SantaFe;;;;;;;;;;;;443,6;495,8;;;;;;;;;;;;;;;;;;;;;;;
Denver;;;;;393,6;403,0;;;;466,8;443,6;;;;;433,7;546,0;1009,0;;;;;;;;;;;;;;;;;;
ElPaso;;;;;;;;397,3;;460,5;451,6;;;;;;;575,7;532,5;588,4;;;;;;;;;;;;;;;;
Winnipeg;;;354,6;;397,2;;;;;;;;;;364,8;;;;;;;;;;;;;;;;;;;;;
Duluth;;;;;374,1;;;;;;;;;348,0;;;;;;;;;;;;;;;;;;;;;;
Omaha;;;;;369,5;;;;;;;435,2;;;;;;;;;;;547,0;;;;;;;;;;;;;
KansasCity;;;;;;;;;;;;450,6;;;;;;;;;;705,3;;;;;;;;;;;;;;
OklahomaCity;;;;;;;;;;;;465,5;494,4;;;;;;;;1005,0;;;;;;;;;;;;;;;
Houston;;;;;;;;;;;;;505,3;;;;;;;;;;;;;;;;;;;;;;635,2;
Dallas;;;;;;;;;;;;;545,3;;;;;;;;700,3;;;;;;;;;;;;;;;
LittleRock;;;;;;;;;;;;;;;;;;513,0;;559,9;;680,5;;;;;;;;;;;;;657,1;983,0
SaintLouis;;;;;;;;;;;;;;;;;558,5;;;;777,6;;595,0;;;;;;564,5;;;;;;;902,0
Chicago;;;;;;;;;;;;;;;;477,1;;;;;;697,2;;;478,3;;;;623,9;;;;;;;
SaultStMarie;;;;;;;;;;;;;;;;;;;;;;;;;484,4;417,3;;;;;;;;;;
Toronto;;;;;;;;;;;;;;;;;;;;;;;552,4;415,4;;387,1;;;516,9;;;;;;;
Montreal;;;;;;;;;;;;;;;;;;;;;;;;426,0;489,8;;354,2;357,9;;;;;;;;
Boston;;;;;;;;;;;;;;;;;;;;;;;;;;365,1;;379,2;;;;;;;;
NewYork;;;;;;;;;;;;;;;;;;;;;;;;;;417,0;346,7;;;396,0;;;;;;
Pittsburgh;;;;;;;;;;;;;;;;;;;;;;764,8;491,7;;503,9;;;;;462,8;520,1;;;;;
Washington;;;;;;;;;;;;;;;;;;;;;;;;;;;;356,5;526,0;;544,7;;;;;
Raleigh;;;;;;;;;;;;;;;;;;;;;;;;;;;;;561,3;465,6;;;637,5;;;
Atlanta;;;;;;;;;;;;;;;;;;;;;;;;;;;;;;;;;617,7;630,5;599,0;901,0
Charleston;;;;;;;;;;;;;;;;;;;;;;;;;;;;;;;532,1;742,2;;639,5;;
Miami;;;;;;;;;;;;;;;;;;;;;;;;;;;;;;;;722,2;630,9;;594,0;
NewOrleans;;;;;;;;;;;;;;;;;;;528,6;;740,4;;;;;;;;;;;768,6;;655,5;;
Nashville;;;;;;;;;;;;;;;;;;;;;1000,0;1000,0;;;;;;;;;;1000,0;;;;
